food_code,name,category,sub_category,top_category_raw,calories,protein,carbohydrate,fat,dietary_fiber,vitamin_a,vitamin_b1,vitamin_b2,vitamin_c,vitamin_e,sodium,potassium,calcium,iron,zinc,gross_net_ratio,is_hard_to_weigh,scraped_at
019012,燕麦,主食,其他,谷类及其制品,338.0,10.1,77.4,0.2,6.0,0.0,0.46,0.07,,0.91,2.1,356.0,58.0,2.9,1.75,1.0,False,2026-05-04T08:32:40Z
019011,莜麦面,主食,其他,谷类及其制品,391.0,13.7,67.7,8.6,,,0.2,0.09,0.0,0.39,1.8,255.0,40.0,3.8,2.18,1.0,False,2026-05-04T08:32:40Z
019013,藜麦(散装),主食,其他,谷类及其制品,357.0,14.0,57.8,6.0,6.5,0.0,0.04,0.06,0.0,6.4,1.0,362.0,25.0,3.4,1.8,1.0,False,2026-05-04T08:32:40Z
019014,藜麦(散装),主食,其他,谷类及其制品,367.0,10.4,58.5,7.5,11.3,0.0,0.39,0.05,0.0,7.95,0.6,242.0,28.0,2.8,1.8,1.0,False,2026-05-04T08:32:40Z
019201,高粱面面条,主食,其他,谷类及其制品,304.0,7.0,68.7,0.2,0.3,,,,0.0,,,,,,,1.0,False,2026-05-04T08:32:40Z
014101,大麦(元麦),主食,大麦,谷类及其制品,327.0,10.2,,,9.9,0.0,0.43,0.14,0.0,1.23,0.0,49.0,66.0,,9.8,1.0,False,2026-05-04T08:32:40Z
014201,肚里黄,主食,大麦,谷类及其制品,337.0,8.8,76.7,1.2,8.0,,0.37,0.02,0.0,1.28,,,,2.31,0.0,1.0,False,2026-05-04T08:32:40Z
014202,青稞,主食,大麦,谷类及其制品,342.0,8.1,75.0,1.5,1.8,0.0,0.34,0.11,0.0,0.96,,644.0,113.0,2.38,4.6,1.0,False,2026-05-04T08:32:40Z
014102,黑大麦,主食,大麦,谷类及其制品,327.0,10.2,74.3,2.2,15.2,,0.54,0.14,0.0,,17.0,241.0,20.0,2.33,3.99,1.0,False,2026-05-04T08:32:40Z
015201,大黄米(黍子),主食,小米黄米,谷类及其制品,356.0,13.6,71.1,2.7,3.5,,0.3,0.09,0.0,1.79,,,30.0,3.05,2.31,1.0,False,2026-05-04T08:32:40Z
015101,小米,主食,小米黄米,谷类及其制品,361.0,9.0,75.1,3.1,1.6,8.0,0.33,0.1,0.0,3.63,4.3,284.0,41.0,,,1.0,False,2026-05-04T08:32:40Z
015104,小米 (黄),主食,小米黄米,谷类及其制品,364.0,8.9,77.7,3.0,,,0.32,0.06,0.0,1.62,,,,2.81,2.72,1.0,False,2026-05-04T08:32:40Z
015103,小米粥,主食,小米黄米,谷类及其制品,46.0,1.4,8.4,0.7,,,0.02,0.07,0.0,0.26,22.0,,32.0,0.41,0.3,1.0,False,2026-05-04T08:32:40Z
015102,小米面,主食,小米黄米,谷类及其制品,357.0,7.2,77.7,2.1,0.7,,0.13,0.08,0.0,,,129.0,40.0,1.18,2.82,1.0,False,2026-05-04T08:32:40Z
015202,黄米,主食,小米黄米,谷类及其制品,351.0,9.7,76.9,1.5,4.4,,0.09,0.13,0.0,4.61,3.3,,,2.07,,1.0,False,2026-05-04T08:32:40Z
011501,水面筋,主食,小麦,谷类及其制品,142.0,23.5,12.3,0.1,0.9,,0.1,0.07,0.0,0.65,15.0,69.0,76.0,4.2,1.76,1.0,False,2026-05-04T08:32:40Z
011409,油条,主食,小麦,谷类及其制品,388.0,6.9,51.0,17.6,0.9,,0.01,0.07,0.0,3.19,585.2,227.0,6.0,1.0,0.75,1.0,False,2026-05-04T08:32:40Z
011502,油面筋,主食,小麦,谷类及其制品,492.0,26.9,40.4,25.1,1.3,,0.03,0.05,0.0,7.18,29.5,45.0,29.0,2.5,2.29,1.0,False,2026-05-04T08:32:40Z
011408,油饼,主食,小麦,谷类及其制品,403.0,7.9,42.4,22.9,2.0,,0.11,0.05,0.0,13.72,572.5,106.0,46.0,2.3,0.97,1.0,False,2026-05-04T08:32:40Z
011403,烙饼(标准粉),主食,小麦,谷类及其制品,258.0,7.5,52.9,2.3,1.9,,0.02,0.04,0.0,1.03,149.3,141.0,20.0,2.4,0.94,1.0,False,2026-05-04T08:32:40Z
011407,烧饼(加糖),主食,小麦,谷类及其制品,298.0,8.0,62.7,2.1,2.1,,0.0,0.01,0.0,0.39,62.5,122.0,51.0,1.6,0.36,1.0,False,2026-05-04T08:32:40Z
011402,空锅饼,主食,小麦,谷类及其制品,278.0,8.6,60.9,0.2,0.7,,0.14,0.0,0.0,0.08,243.2,138.0,2.0,5.8,1.73,1.0,False,2026-05-04T08:32:40Z
011401,花卷,主食,小麦,谷类及其制品,214.0,6.4,45.6,1.0,1.5,,0.0,0.02,0.0,,95.0,83.0,19.0,0.4,0.0,1.0,False,2026-05-04T08:32:40Z
011410,花卷 (加牛奶),主食,小麦,谷类及其制品,282.0,6.5,58.9,3.2,,0.0,0.03,0.03,0.0,0.85,97.0,211.0,9.0,0.7,0.36,1.0,False,2026-05-04T08:32:40Z
011316,面条(富强粉，切面),主食,小麦,谷类及其制品,277.0,8.9,60.7,0.4,,0.0,0.07,0.02,0.0,0.0,11.5,102.0,24.0,0.4,0.12,1.0,False,2026-05-04T08:32:40Z
011317,面条(富强粉，煮),主食,小麦,谷类及其制品,107.0,3.9,22.8,0.4,,,0.02,0.01,0.0,0.0,26.9,15.0,4.0,0.2,0.1,1.0,False,2026-05-04T08:32:40Z
011503,面筋(肉馅),主食,小麦,谷类及其制品,364.0,16.2,0.1,33.2,,67.0,0.06,0.1,0.0,0.92,663.8,167.0,113.0,4.9,1.42,1.0,False,2026-05-04T08:32:40Z
011404x,馒头 (代表值),主食,小麦,谷类及其制品,223.0,7.0,47.0,1.1,1.3,,0.04,0.05,0.0,0.65,165.1,138.0,38.0,1.8,0.71,1.0,False,2026-05-04T08:32:40Z
011405,馒头 (标准粉),主食,小麦,谷类及其制品,236.0,7.8,49.8,1.0,1.5,,0.05,0.07,0.0,0.86,165.2,129.0,18.0,1.9,1.01,1.0,False,2026-05-04T08:32:40Z
011411,馒头(富强粉),主食,小麦,谷类及其制品,235.0,7.1,50.9,1.3,,0.0,0.12,0.02,0.0,0.0,165.0,146.0,58.0,0.4,0.21,1.0,False,2026-05-04T08:32:40Z
022104,团粉(芡粉),主食,淀粉类,薯类淀粉及其制品,348.0,1.5,85.8,0.0,0.8,,0.01,0.0,,,16.0,25.0,,14.0,3.6,1.0,False,2026-05-04T08:32:40Z
022106,桂花藕粉,主食,淀粉类,薯类淀粉及其制品,344.0,0.4,85.3,0.1,0.0,,0.0,0.01,,,14.0,13.0,,5.0,20.8,1.0,False,2026-05-04T08:32:40Z
022109,淀粉 (大米),主食,淀粉类,薯类淀粉及其制品,366.0,0.2,89.3,0.7,0.0,0.0,0.0,0.0,,,2.0,20.0,29.0,8.0,1.5,1.0,False,2026-05-04T08:32:40Z
022108,淀粉 (小麦),主食,淀粉类,薯类淀粉及其制品,351.0,0.2,86.0,0.5,0.0,0.0,0.0,0.0,0.0,,8.0,33.0,14.0,5.0,0.6,1.0,False,2026-05-04T08:32:40Z
022111,淀粉 (甘薯),主食,淀粉类,薯类淀粉及其制品,342.0,,,84.4,0.0,0.0,0.0,,0.0,,3.0,7.0,62.0,2.6,,1.0,False,2026-05-04T08:32:40Z
022110,淀粉 (马铃薯),主食,淀粉类,薯类淀粉及其制品,332.0,0.1,82.0,0.1,0.0,0.0,0.0,0.0,0.0,,32.0,40.0,,,1.8,1.0,False,2026-05-04T08:32:40Z
022112,煎炸粉,主食,淀粉类,薯类淀粉及其制品,331.0,,0.7,73.6,0.0,0.0,0.07,,0.0,,18.0,299.0,11.0,2.0,,1.0,False,2026-05-04T08:32:40Z
022103,玉米淀粉,主食,淀粉类,薯类淀粉及其制品,346.0,1.2,85.0,0.1,0.1,,0.03,0.04,,,8.0,,18.0,6.0,4.0,1.0,False,2026-05-04T08:32:40Z
022201,粉丝,主食,淀粉类,薯类淀粉及其制品,,0.2,1.1,83.7,0.0,,0.02,,0.0,,9.3,18.0,31.0,6.4,0.27,1.0,False,2026-05-04T08:32:40Z
022203,粉条,主食,淀粉类,薯类淀粉及其制品,338.0,,0.6,84.2,0.0,,0.0,,0.0,,9.6,18.0,35.0,,,1.0,False,2026-05-04T08:32:40Z
022105,藕粉,主食,淀粉类,薯类淀粉及其制品,373.0,0.2,93.0,0.0,0.1,,0.0,0.01,,,35.0,9.0,,2.0,17.9,1.0,False,2026-05-04T08:32:40Z
022101,蚕豆淀粉,主食,淀粉类,薯类淀粉及其制品,342.0,0.5,85.3,0.0,0.5,,0.04,0.0,,,10.0,29.0,36.0,8.0,2.3,1.0,False,2026-05-04T08:32:40Z
022102,豌豆淀粉,主食,淀粉类,薯类淀粉及其制品,342.0,0.6,85.0,0.0,0.3,,0.01,0.0,,,3.4,93.0,4.0,4.0,1.7,1.0,False,2026-05-04T08:32:40Z
022202,豌豆粉丝,主食,淀粉类,薯类淀粉及其制品,368.0,0.0,0.3,91.7,0.0,,0.0,,0.0,,5.0,6.0,10.0,0.32,0.0,1.0,False,2026-05-04T08:32:40Z
022107,魔芋精粉(鬼芋粉，南星粉),主食,淀粉类,薯类淀粉及其制品,186.0,4.6,78.8,0.1,74.4,,0.0,0.1,,,299.0,,45.0,66.0,1.6,1.0,False,2026-05-04T08:32:40Z
013102,玉米 (白，干),主食,玉米,谷类及其制品,352.0,8.8,74.7,3.8,8.0,,0.27,0.07,0.0,8.23,,262.0,10.0,95.0,2.2,1.0,False,2026-05-04T08:32:40Z
013101,玉米 (鲜),主食,玉米,谷类及其制品,112.0,4.0,22.8,1.2,2.9,,0.16,0.11,16.0,0.46,1.1,238.0,,1.1,0.9,0.46,True,2026-05-04T08:32:40Z
013103,玉米 (黄，干),主食,玉米,谷类及其制品,348.0,8.7,73.0,3.8,6.4,8.0,0.21,0.13,0.0,3.89,300.0,,14.0,96.0,2.4,1.0,False,2026-05-04T08:32:40Z
013201,玉米笋 (罐头),主食,玉米,谷类及其制品,16.0,1.1,4.9,0.2,4.9,3.0,,,0.0,,36.0,4.0,6.0,,0.1,1.0,False,2026-05-04T08:32:40Z
013108,玉米粒 (黄、干),主食,玉米,谷类及其制品,327.0,8.0,79.2,0.8,,8.0,0.03,0.02,0.0,0.38,,,,,,1.0,False,2026-05-04T08:32:40Z
013110,玉米糁 (黄),主食,玉米,谷类及其制品,326.0,7.4,78.7,1.2,,,0.03,0.03,0.0,0.96,177.0,,49.0,151.0,0.2,1.0,False,2026-05-04T08:32:40Z
013106,玉米面 (强化豆粉),主食,玉米,谷类及其制品,352.0,11.8,68.3,4.9,6.4,,0.21,0.04,0.0,7.13,370.0,234.0,18.0,106.0,3.4,1.0,False,2026-05-04T08:32:40Z
013104,玉米面 (白),主食,玉米,谷类及其制品,352.0,8.0,73.1,4.5,6.2,,0.34,0.06,0.0,6.89,276.0,187.0,12.0,111.0,1.3,1.0,False,2026-05-04T08:32:40Z
013109,玉米面 (黄),主食,玉米,谷类及其制品,350.0,8.5,78.4,1.5,,3.0,0.07,0.04,0.0,0.98,249.0,196.0,22.0,84.0,0.4,1.0,False,2026-05-04T08:32:40Z
013202,玉米面面条,主食,玉米,谷类及其制品,350.0,6.6,80.5,0.3,0.6,,,,0.0,,,,,,,1.0,False,2026-05-04T08:32:40Z
012302,优糯米,主食,稻米,谷类及其制品,345.0,9.0,75.3,1.0,0.6,0.0,0.1,0.03,0.0,0.93,1.2,136.0,8.0,0.8,1.2,1.0,False,2026-05-04T08:32:40Z
012204,早灿,主食,稻米,谷类及其制品,361.0,9.9,76.2,2.2,1.4,0.0,0.14,0.05,0.0,0.25,1.6,214.0,13.0,5.1,2.73,0.64,True,2026-05-04T08:32:40Z
012205,早灿 (标一),主食,稻米,谷类及其制品,352.0,8.8,77.2,1.0,0.4,0.0,0.16,0.05,0.0,,1.9,124.0,10.0,1.2,1.59,1.0,False,2026-05-04T08:32:40Z
012207,早粗 (特等),主食,稻米,谷类及其制品,347.0,9.1,76.7,0.6,0.7,0.0,0.13,0.03,0.0,,1.3,108.0,6.0,0.9,1.54,1.0,False,2026-05-04T08:32:40Z
012303,早糯谷,主食,稻米,谷类及其制品,360.0,7.1,77.0,3.2,2.8,3.0,0.19,0.04,0.0,0.13,4.1,,19.0,3.0,4.92,0.64,True,2026-05-04T08:32:40Z
012206,早釉 (标二),主食,稻米,谷类及其制品,346.0,9.5,75.1,1.0,0.5,0.0,0.2,0.09,0.0,,0.8,171.0,6.0,1.0,1.89,1.0,False,2026-05-04T08:32:40Z
012210,晚 (特等),主食,稻米,谷类及其制品,342.0,8.1,76.9,0.3,0.2,0.0,0.09,0.1,0.0,,0.8,107.0,6.0,0.7,1.5,1.0,False,2026-05-04T08:32:40Z
012209,晚釉 (标二),主食,稻米,谷类及其制品,344.0,8.6,75.7,0.8,0.4,0.0,0.18,0.06,0.0,,0.9,146.0,6.0,2.8,1.89,1.0,False,2026-05-04T08:32:40Z
012208,晚釉(标一),主食,稻米,谷类及其制品,346.0,7.9,77.3,0.7,0.5,0.0,0.17,0.05,0.0,0.22,1.5,112.0,9.0,1.2,1.52,1.0,False,2026-05-04T08:32:40Z
012106,梗米 (极品精米),主食,稻米,谷类及其制品,343.0,,,78.1,,,0.02,,90.0,,2.7,86.0,3.0,0.2,1.76,1.0,False,2026-05-04T08:32:40Z
012101,梗米 (标一),主食,稻米,谷类及其制品,345.0,,0.6,77.4,0.0,0.0,0.08,,0.0,1.01,2.4,97.0,11.0,1.1,1.45,1.0,False,2026-05-04T08:32:40Z
012103,梗米 (标三),主食,稻米,谷类及其制品,346.0,0.8,0.4,77.6,0.0,0.0,0.03,,0.0,0.3,1.3,78.0,5.0,0.7,0.93,1.0,False,2026-05-04T08:32:40Z
012105,梗米 (特等),主食,稻米,谷类及其制品,335.0,,0.4,75.7,0.0,0.0,0.04,,0.0,0.76,6.2,58.0,24.0,0.9,1.07,1.0,False,2026-05-04T08:32:40Z
012107,梗米 (西域王米),主食,稻米,谷类及其制品,353.0,7.5,,,0.6,0.0,,0.04,0.0,0.0,2.0,119.0,5.0,0.8,1.02,1.0,False,2026-05-04T08:32:40Z
012404,梗米粥,主食,稻米,谷类及其制品,46.0,1.1,9.9,0.3,0.1,0.0,0.0,0.03,0.0,,2.8,13.0,7.0,0.1,0.2,1.0,False,2026-05-04T08:32:40Z
012305,梗糯米,主食,稻米,谷类及其制品,344.0,7.9,76.7,0.8,0.7,0.0,0.2,0.05,0.0,0.08,2.8,125.0,21.0,1.9,1.77,1.0,False,2026-05-04T08:32:40Z
012411,河粉,主食,稻米,谷类及其制品,359.0,7.7,79.2,1.5,,0.0,0.02,0.02,0.0,0.23,8.2,83.0,51.0,1.0,1.57,1.0,False,2026-05-04T08:32:40Z
012001x,稻米 (代表值),主食,稻米,谷类及其制品,346.0,,,77.2,0.6,0.0,0.04,,0.0,0.43,1.8,112.0,8.0,1.1,1.54,1.0,False,2026-05-04T08:32:40Z
012410,米粉,主食,稻米,谷类及其制品,349.0,0.4,85.8,0.8,,0.0,0.01,0.01,0.0,0.0,52.2,19.0,11.0,2.4,0.36,1.0,False,2026-05-04T08:32:40Z
012401x,米饭(蒸，代表值),主食,稻米,谷类及其制品,116.0,2.6,25.9,0.3,0.3,0.0,0.02,0.03,0.0,,2.5,30.0,7.0,1.3,0.92,1.0,False,2026-05-04T08:32:40Z
012211,粗稻 (红),主食,稻米,谷类及其制品,348.0,7.0,76.4,2.0,2.0,0.0,0.15,0.03,0.0,0.19,22.0,220.0,,5.5,3.29,0.64,True,2026-05-04T08:32:40Z
012214,粗米,主食,稻米,谷类及其制品,340.0,7.5,78.0,1.1,,0.0,0.07,0.02,0.0,0.0,1.7,109.0,12.0,0.1,0.15,1.0,False,2026-05-04T08:32:40Z
012201,粗米 (标一),主食,稻米,谷类及其制品,348.0,7.7,77.9,0.7,0.6,0.0,0.15,0.06,0.0,0.43,2.7,89.0,7.0,1.3,1.46,1.0,False,2026-05-04T08:32:40Z
012202,粗米(标准)(机米),主食,稻米,谷类及其制品,349.0,7.9,78.3,0.6,0.8,0.0,0.09,0.04,0.0,0.54,1.7,109.0,12.0,1.6,1.47,1.0,False,2026-05-04T08:32:40Z
012406,粗米粉 (干，细),主食,稻米,谷类及其制品,346.0,8.0,78.3,0.1,0.1,0.0,0.03,,0.0,,5.9,43.0,,1.4,2.27,1.0,False,2026-05-04T08:32:40Z
012405,粗米粉(排米粉),主食,稻米,谷类及其制品,356.0,7.4,81.5,0.1,0.3,0.0,0.02,0.02,0.0,,16.3,14.0,6.0,3.2,0.8,1.0,False,2026-05-04T08:32:40Z
012409,粗米粥,主食,稻米,谷类及其制品,59.0,1.3,13.4,0.2,,0.0,0.0,0.0,0.0,0.0,2.8,13.0,7.0,0.1,0.12,1.0,False,2026-05-04T08:32:40Z
012408,粗米饭(蒸),主食,稻米,谷类及其制品,117.0,3.0,26.4,0.4,,0.0,0.01,0.01,0.0,0.0,1.7,21.0,6.0,0.1,0.14,1.0,False,2026-05-04T08:32:40Z
012306,粗糯米,主食,稻米,谷类及其制品,352.0,7.9,78.0,1.1,0.5,0.0,0.19,0.04,0.0,,1.9,132.0,14.0,1.8,1.52,1.0,False,2026-05-04T08:32:40Z
012203,粘米 (优标),主食,稻米,谷类及其制品,350.0,8.3,77.3,1.0,0.5,0.0,0.13,0.02,0.0,,1.2,64.0,8.0,0.5,1.6,1.0,False,2026-05-04T08:32:40Z
012102,粳米 (标二),主食,稻米,谷类及其制品,,0.6,0.4,77.7,0.0,0.0,0.05,,0.0,0.53,0.9,78.0,3.0,0.4,0.89,1.0,False,2026-05-04T08:32:40Z
012108,粳米(小站稻米),主食,稻米,谷类及其制品,346.0,6.9,79.2,0.7,,0.0,0.04,0.02,0.0,,2.2,111.0,3.0,0.3,1.94,1.0,False,2026-05-04T08:32:40Z
012104,粳米(标四),主食,稻米,谷类及其制品,347.0,0.7,0.7,78.1,0.0,0.0,0.05,,0.0,0.39,1.6,106.0,4.0,0.7,0.97,1.0,False,2026-05-04T08:32:40Z
012402,粳米饭 (蒸),主食,稻米,谷类及其制品,118.0,2.6,26.2,0.3,0.2,0.0,0.0,0.03,0.0,,3.3,39.0,7.0,2.2,1.36,1.0,False,2026-05-04T08:32:40Z
012216,糙米,主食,稻米,谷类及其制品,348.0,7.7,75.0,2.7,3.4,0.0,0.38,0.04,0.0,1.32,5.4,230.0,10.0,1.8,1.79,1.0,False,2026-05-04T08:32:40Z
012301,糯米(江米),主食,稻米,谷类及其制品,350.0,7.3,78.3,1.0,0.8,0.0,0.11,0.04,0.0,1.29,1.5,137.0,26.0,1.4,1.54,1.0,False,2026-05-04T08:32:40Z
012304,紫红糯米(血糯米),主食,稻米,谷类及其制品,346.0,8.3,75.1,1.7,1.4,,0.31,0.12,0.0,1.36,4.0,219.0,13.0,3.9,2.16,1.0,False,2026-05-04T08:32:40Z
012213,香米,主食,稻米,谷类及其制品,347.0,12.7,72.4,0.9,0.6,0.0,,0.08,0.0,0.7,21.5,49.0,8.0,5.1,0.69,1.0,False,2026-05-04T08:32:40Z
012215,香米,主食,稻米,谷类及其制品,342.0,8.4,77.2,0.7,,0.0,0.03,0.02,0.0,0.0,1.8,112.0,3.0,0.2,1.85,1.0,False,2026-05-04T08:32:40Z
012407,高蛋白豆米粉 (灿米),主食,稻米,谷类及其制品,414.0,16.5,71.0,7.1,,0.0,1.1,0.68,0.0,,,,,,,1.0,False,2026-05-04T08:32:40Z
012212,黑米,主食,稻米,谷类及其制品,341.0,9.4,72.2,2.5,3.9,,0.33,0.13,0.0,0.22,7.1,256.0,12.0,1.6,3.8,1.0,False,2026-05-04T08:32:40Z
021301,木薯,主食,薯类,薯类淀粉及其制品,119.0,2.1,27.8,0.3,1.6,,0.21,0.09,35.0,,,,88.0,,,0.99,True,2026-05-04T08:32:40Z
021201,甘薯(白心)(红皮山芋),主食,薯类,薯类淀粉及其制品,106.0,1.4,25.2,0.2,1.0,18.0,0.07,0.04,24.0,0.43,58.2,174.0,24.0,,0.63,0.86,True,2026-05-04T08:32:40Z
021205,甘薯(红心)(山芋、红薯),主食,薯类,薯类淀粉及其制品,61.0,0.7,15.3,0.2,,63.0,0.05,0.01,4.0,0.28,17.0,,18.0,0.16,0.22,0.9,True,2026-05-04T08:32:40Z
021203,甘薯片(白薯干),主食,薯类,薯类淀粉及其制品,344.0,4.7,80.5,0.8,2.0,13.0,0.15,0.11,9.0,0.38,,353.0,112.0,0.35,2.64,1.0,False,2026-05-04T08:32:40Z
021204,甘薯粉(地瓜粉),主食,薯类,薯类淀粉及其制品,336.0,2.7,80.9,0.2,0.1,2.0,0.03,0.05,0.0,,,66.0,33.0,0.29,2.62,1.0,False,2026-05-04T08:32:40Z
021105,马铃薯 (烤),主食,薯类,薯类淀粉及其制品,70.0,1.8,16.4,0.1,0.4,0.0,0.08,0.01,15.0,,6.0,357.0,2.0,,,1.0,False,2026-05-04T08:32:40Z
021107,马铃薯 (煮),主食,薯类,薯类淀粉及其制品,65.0,3.2,14.2,0.0,0.2,0.0,0.09,0.04,26.0,,2.0,480.0,4.0,,,1.0,False,2026-05-04T08:32:40Z
021106,马铃薯 (蒸),主食,薯类,薯类淀粉及其制品,69.0,3.0,15.3,0.0,0.2,0.0,0.11,0.04,30.0,,3.0,484.0,4.0,0.7,,1.0,False,2026-05-04T08:32:40Z
021101,马铃薯(土豆、洋芋),主食,薯类,薯类淀粉及其制品,81.0,2.6,17.8,0.2,1.1,1.0,0.1,0.02,14.0,0.34,5.9,347.0,7.0,,0.47,0.94,True,2026-05-04T08:32:40Z
021102,马铃薯丁 (脱水),主食,薯类,薯类淀粉及其制品,344.0,5.7,80.7,0.5,3.3,,0.14,,20.0,,22.6,267.0,39.0,0.41,2.17,1.0,False,2026-05-04T08:32:40Z
021108,马铃薯全粉,主食,薯类,薯类淀粉及其制品,362.0,8.4,82.7,0.5,3.5,10.0,0.11,0.25,25.9,0.28,,980.0,35.0,12.5,1.4,1.0,False,2026-05-04T08:32:40Z
219029,乌梢蛇,其他,其他,其他类,219.0,49.4,0.9,2.0,,,0.02,1.35,,,385.0,494.0,7345.0,15.2,11.5,1.0,False,2026-05-04T08:32:40Z
219040,刺猬皮,其他,其他,其他类,357.0,69.2,0.8,8.6,,,0.0,0.12,,,285.9,404.0,967.0,92.9,8.3,1.0,False,2026-05-04T08:32:40Z
219030,团螺,其他,其他,其他类,365.0,70.2,6.2,6.6,,,0.1,2.22,,,143.3,594.0,617.0,272.0,6.94,1.0,False,2026-05-04T08:32:40Z
219036,燕窝,其他,其他,其他类,320.0,57.9,21.7,0.2,,,0.0,0.0,,,1041.1,16.0,681.0,1.3,0.54,1.0,False,2026-05-04T08:32:40Z
219022,牛蛙,其他,其他,其他类,81.0,15.7,3.4,0.5,,,0.13,0.01,0.0,,34.5,329.0,15.0,0.6,0.98,0.3,True,2026-05-04T08:32:40Z
219033,牛黄,其他,其他,其他类,353.0,48.0,38.4,0.9,,,0.0,0.67,,,869.0,75.0,2406.0,8.0,120.0,1.0,False,2026-05-04T08:32:40Z
219032,珍珠,其他,其他,其他类,18.0,2.0,2.4,0.1,,,,0.01,,,285.9,1.0,39.0,33.4,1.2,1.0,False,2026-05-04T08:32:40Z
219035,蛤,其他,其他,其他类,382.0,70.8,0.0,11.0,,,0.03,4.04,,,369.8,855.0,4497.0,12.9,7.9,0.65,True,2026-05-04T08:32:40Z
219038,蛤蟆油,其他,其他,其他类,241.0,31.4,24.6,1.9,,,0.09,0.65,,,251.6,717.0,86.0,3.7,1.5,1.0,False,2026-05-04T08:32:40Z
219041,蜂王浆,其他,其他,其他类,,14.6,,,,,0.08,0.27,,,15.6,282.0,9.0,1.3,2.4,1.0,False,2026-05-04T08:32:40Z
219037,蜂胶液,其他,其他,其他类,,0.2,,,,,0.0,0.03,,,6.9,40.0,49.0,5.5,0.61,1.0,False,2026-05-04T08:32:40Z
219016,蜂蛹 (大黄),其他,其他,其他类,109.0,12.1,6.6,3.8,0.0,,0.11,0.37,20.0,,15.8,256.0,27.0,3.8,2.21,1.0,False,2026-05-04T08:32:40Z
219015,蜂蛹 (油蜂，干),其他,其他,其他类,669.0,20.0,9.0,61.4,0.0,,0.07,0.31,0.0,2.37,299.3,331.0,38.0,9.3,5.09,1.0,False,2026-05-04T08:32:40Z
219014,蜂蛹(蜂胚、蜂仔),其他,其他,其他类,100.0,10.6,2.3,5.4,0.0,,0.28,0.24,,,12.0,249.0,1.0,2.0,2.36,1.0,False,2026-05-04T08:32:40Z
219042,裙边 (干),其他,其他,其他类,337.0,81.6,0.0,1.2,,,0.0,0.08,,,317.5,84.0,154.0,33.6,1.78,1.0,False,2026-05-04T08:32:40Z
219031,阿胶,其他,其他,其他类,383.0,73.0,9.5,5.8,,,0.0,0.09,,,222.5,5.0,59.0,4.7,1.58,1.0,False,2026-05-04T08:32:40Z
219034,马鹿胎 (粉),其他,其他,其他类,342.0,36.8,24.4,10.8,,,0.0,0.25,,,542.7,373.0,8787.0,27.7,7.5,1.0,False,2026-05-04T08:32:40Z
219044,鱼唇 (干),其他,其他,其他类,347.0,83.1,0.0,1.6,,,0.0,0.0,,,177.9,60.0,282.0,10.3,4.53,1.0,False,2026-05-04T08:32:40Z
219043,鱼肚 (干),其他,其他,其他类,312.0,75.6,0.0,1.0,,,0.0,0.0,,,11.7,1.0,34.0,7.0,1.22,1.0,False,2026-05-04T08:32:40Z
219028,鸡内金,其他,其他,其他类,359.0,83.1,3.8,1.3,,,0.03,0.14,,,112.9,51.0,141.0,64.3,1.9,1.0,False,2026-05-04T08:32:40Z
219039,龟甲,其他,其他,其他类,134.0,26.4,2.6,2.0,,,0.07,0.08,,,457.5,19.0,2778.0,20.1,10.0,1.0,False,2026-05-04T08:32:40Z
071006,山核桃 (干),坚果,树坚果,坚果种子类,616.0,18.0,26.2,50.4,7.4,3.0,0.16,0.09,,65.55,250.7,237.0,57.0,6.8,6.42,0.24,True,2026-05-04T08:32:40Z
071026,山核桃(熟)(小核桃),坚果,树坚果,坚果种子类,658.0,8.3,,,0.0,137.0,0.07,,,14.75,855.5,4.0,132.0,6.0,7.07,0.45,True,2026-05-04T08:32:40Z
071039,开心果 (熟),坚果,树坚果,坚果种子类,631.0,20.6,8.2,,0.0,,0.1,,,19.36,735.0,468.0,108.0,118.0,4.4,0.82,True,2026-05-04T08:32:40Z
071014,杏仁,坚果,树坚果,坚果种子类,578.0,22.5,23.9,45.4,8.0,,0.08,0.56,26.0,18.53,8.3,106.0,97.0,2.2,4.3,1.0,False,2026-05-04T08:32:40Z
071017,杏仁 (原味),坚果,树坚果,坚果种子类,596.0,21.3,19.7,50.6,11.8,,0.24,0.81,,,1.0,728.0,248.0,4.3,3.36,1.0,False,2026-05-04T08:32:40Z
071015,杏仁 (大杏仁),坚果,树坚果,坚果种子类,540.0,19.9,27.8,42.9,18.5,,0.02,1.82,26.0,,,169.0,49.0,1.2,4.06,1.0,False,2026-05-04T08:32:40Z
071018,杏仁 (漂白后),坚果,树坚果,坚果种子类,602.0,21.9,19.9,50.6,10.4,,0.2,0.56,,,28.0,687.0,216.0,3.7,3.12,1.0,False,2026-05-04T08:32:40Z
071016,杏仁 (炒),坚果,树坚果,坚果种子类,618.0,25.7,18.7,51.0,9.1,8.0,0.15,0.71,,,,,141.0,3.9,,0.91,True,2026-05-04T08:32:40Z
071020,杏仁 (烤干，不加盐),坚果,树坚果,坚果种子类,617.0,22.1,19.3,52.8,11.8,,0.07,0.86,,,1.0,746.0,266.0,4.5,3.54,1.0,False,2026-05-04T08:32:40Z
071035,杏仁 (熟，去壳),坚果,树坚果,坚果种子类,625.0,28.0,,,0.0,,0.52,,,27.17,693.0,,174.0,277.0,5.3,1.0,False,2026-05-04T08:32:40Z
071019,杏仁 (过油炸干),坚果,树坚果,坚果种子类,631.0,21.2,17.7,55.2,10.5,,0.09,0.78,,,1.0,699.0,291.0,3.7,3.07,1.0,False,2026-05-04T08:32:40Z
071021,杏仁(烤干，加盐),坚果,树坚果,坚果种子类,617.0,22.1,19.3,52.8,11.8,,0.07,0.86,,,339.0,746.0,266.0,4.5,3.54,1.0,False,2026-05-04T08:32:40Z
071034,杏仁(熟，带壳),坚果,树坚果,坚果种子类,648.0,25.1,,,0.0,,0.66,,,35.54,668.0,,240.0,218.0,2.7,0.63,True,2026-05-04T08:32:40Z
071011,松子 (生),坚果,树坚果,坚果种子类,665.0,12.6,19.0,62.6,12.4,3.0,0.41,0.09,,34.48,,184.0,3.0,5.9,9.02,0.32,True,2026-05-04T08:32:40Z
071012,松子(炒),坚果,树坚果,坚果种子类,644.0,14.1,21.4,58.5,12.4,3.0,,0.11,0.0,25.2,3.0,612.0,161.0,5.2,5.49,0.31,True,2026-05-04T08:32:40Z
071033,松子(熟),坚果,树坚果,坚果种子类,553.0,12.9,,,0.0,,0.17,,,28.25,1007.0,,14.0,272.0,3.9,0.69,True,2026-05-04T08:32:40Z
071013,松子仁,坚果,树坚果,坚果种子类,718.0,13.4,12.2,70.6,10.0,1.0,0.19,0.25,,32.79,10.1,502.0,78.0,4.3,4.61,1.0,False,2026-05-04T08:32:40Z
071009,栗子(干)(板栗),坚果,树坚果,坚果种子类,348.0,5.3,78.4,1.7,1.2,3.0,0.08,0.15,25.0,11.45,8.5,,,1.2,1.32,0.73,True,2026-05-04T08:32:40Z
071027,栗子(板栗),坚果,树坚果,坚果种子类,186.0,4.4,2.0,,0.0,40.0,,,23.2,3.94,,,16.0,,0.4,0.8,True,2026-05-04T08:32:40Z
071028,栗子(板栗),坚果,树坚果,坚果种子类,192.0,4.4,3.1,,0.0,48.0,,,24.2,3.06,,,19.0,,0.2,0.8,True,2026-05-04T08:32:40Z
071029,栗子(板栗),坚果,树坚果,坚果种子类,168.0,4.4,1.9,,0.0,56.0,,,18.9,3.49,,,19.0,,0.4,0.8,True,2026-05-04T08:32:40Z
071030,栗子(板栗),坚果,树坚果,坚果种子类,182.0,3.8,2.1,,0.0,44.0,1.0,,26.1,4.82,,,17.0,,0.6,0.8,True,2026-05-04T08:32:40Z
071031,栗子(板栗),坚果,树坚果,坚果种子类,183.0,4.3,1.8,,0.0,44.0,,,15.4,3.14,,,19.0,,0.6,0.8,True,2026-05-04T08:32:40Z
071010,栗子(熟)(板栗),坚果,树坚果,坚果种子类,214.0,4.8,46.0,1.5,1.2,20.0,0.19,0.13,36.0,,,,15.0,1.7,,0.78,True,2026-05-04T08:32:40Z
071008,栗子(鲜)(板栗),坚果,树坚果,坚果种子类,188.0,4.2,42.2,0.7,1.7,16.0,0.14,0.17,24.0,4.56,13.9,442.0,17.0,1.1,0.57,0.8,True,2026-05-04T08:32:40Z
071032,栗子仁(熟),坚果,树坚果,坚果种子类,194.0,4.5,,,0.0,,0.12,,,9.28,468.0,,9.0,52.0,1.1,1.0,False,2026-05-04T08:32:40Z
071004,核桃(干)(胡桃),坚果,树坚果,坚果种子类,646.0,14.9,19.1,58.8,9.5,3.0,0.15,0.14,1.0,43.21,6.4,385.0,56.0,2.7,2.17,0.43,True,2026-05-04T08:32:40Z
071003,核桃(鲜),坚果,树坚果,坚果种子类,336.0,12.8,6.1,29.9,4.3,,0.07,0.14,10.0,41.17,,,,,,0.43,True,2026-05-04T08:32:40Z
071024,榛子 (干),坚果,树坚果,坚果种子类,561.0,20.0,24.3,44.8,9.6,4.0,0.62,0.14,0.0,36.43,4.7,1244.0,104.0,6.4,5.83,0.27,True,2026-05-04T08:32:40Z
071025,榛子 (炒),坚果,树坚果,坚果种子类,611.0,30.5,13.1,50.3,8.2,9.0,0.22,,,25.2,153.0,686.0,815.0,5.1,3.75,0.21,True,2026-05-04T08:32:40Z
071037,榛子 (熟),坚果,树坚果,坚果种子类,642.0,12.5,12.9,,0.0,,0.11,,,22.81,1001.0,,95.0,172.0,3.8,0.66,True,2026-05-04T08:32:40Z
071038,榛子仁(熟),坚果,树坚果,坚果种子类,628.0,15.6,,,0.0,,0.12,,,22.18,807.0,,86.0,168.0,4.2,1.0,False,2026-05-04T08:32:40Z
071022,橡实(橡子，青冈子),坚果,树坚果,坚果种子类,233.0,4.0,50.5,2.0,1.3,,0.03,,7.0,,,,112.0,5.8,,0.7,True,2026-05-04T08:32:40Z
071005,毛核桃,坚果,树坚果,坚果种子类,184.0,12.0,21.7,6.7,5.4,,0.09,0.1,40.0,,,,,,,0.38,True,2026-05-04T08:32:40Z
071001,白果(干)(银杏),坚果,树坚果,坚果种子类,355.0,13.2,72.6,1.3,,,,0.1,0.0,24.7,17.5,17.0,54.0,0.2,0.69,0.67,True,2026-05-04T08:32:40Z
071036,腰果(熟),坚果,树坚果,坚果种子类,615.0,24.0,10.4,,0.0,49.0,0.13,,,6.7,680.0,,19.0,595.0,7.4,1.0,False,2026-05-04T08:32:40Z
071002,菠萝蜜,坚果,树坚果,坚果种子类,164.0,4.9,36.7,0.3,2.3,,0.31,0.16,16.0,0.12,11.5,400.0,18.0,1.6,0.54,0.97,True,2026-05-04T08:32:40Z
071040,香框(熟),坚果,树坚果,坚果种子类,644.0,12.4,,,,,0.1,,,114.16,664.0,248.0,,291.0,1.8,0.61,True,2026-05-04T08:32:40Z
072011,南瓜子(炒)(白瓜子),坚果,种子,坚果种子类,582.0,36.0,7.9,46.1,4.1,,0.08,0.16,,27.28,15.8,672.0,37.0,6.5,7.12,0.68,True,2026-05-04T08:32:40Z
072025,南瓜子(熟)(白瓜子),坚果,种子,坚果种子类,615.0,26.6,12.9,52.8,9.1,7.0,0.2,0.1,,31.06,145.1,610.0,26.0,9.1,7.77,0.69,True,2026-05-04T08:32:40Z
072012,南瓜子仁,坚果,种子,坚果种子类,576.0,33.2,4.9,48.1,4.9,,0.23,0.09,0.0,13.25,20.6,102.0,16.0,1.5,2.57,1.0,False,2026-05-04T08:32:40Z
072001,胡麻子,坚果,种子,坚果种子类,450.0,19.1,39.5,30.7,30.2,,0.29,0.28,,12.93,48.8,408.0,228.0,19.7,4.84,0.98,True,2026-05-04T08:32:40Z
072017,芝麻子 (黑),坚果,种子,坚果种子类,559.0,19.1,24.0,46.1,14.0,,0.66,0.25,,50.4,8.3,358.0,780.0,22.7,6.13,1.0,False,2026-05-04T08:32:40Z
072016,芝麻子(白),坚果,种子,坚果种子类,536.0,18.4,31.5,39.6,9.8,,0.36,0.26,,38.28,32.2,266.0,620.0,14.1,4.21,1.0,False,2026-05-04T08:32:40Z
072019,芡实米(干)(鸡头米),坚果,种子,坚果种子类,352.0,8.3,79.6,0.3,0.9,,0.3,0.09,,,28.4,60.0,37.0,0.5,1.24,1.0,False,2026-05-04T08:32:40Z
072018,芡实米(鲜)(鸡头米),坚果,种子,坚果种子类,145.0,4.4,31.5,0.2,0.4,,0.4,0.08,6.0,,,,9.0,0.4,,0.47,True,2026-05-04T08:32:40Z
072021,花生 (烤，密日兴牌),坚果,种子,坚果种子类,475.0,16.6,55.9,22.3,7.9,43.0,0.2,0.08,,8.05,171.1,344.0,23.0,2.6,2.61,0.71,True,2026-05-04T08:32:40Z
072003,花生(炒),坚果,种子,坚果种子类,601.0,21.7,23.8,48.0,6.3,5.0,0.13,0.12,0.0,12.94,34.8,563.0,47.0,1.5,2.03,0.71,True,2026-05-04T08:32:40Z
072020,花生(烤，勤俭牌),坚果,种子,坚果种子类,586.0,26.4,21.2,46.3,10.4,4.0,0.25,0.08,,13.88,79.4,541.0,79.0,2.1,3.61,0.72,True,2026-05-04T08:32:40Z
072002,花生(鲜)(落花生，长生果)14.10,坚果,种子,坚果种子类,313.0,12.0,13.0,25.4,7.7,1.0,,0.04,14.0,2.93,3.7,390.0,8.0,3.4,1.79,0.53,True,2026-05-04T08:32:40Z
072004,花生仁 (生),坚果,种子,坚果种子类,574.0,24.8,21.7,44.3,5.5,3.0,0.72,0.13,2.0,18.09,3.6,587.0,39.0,2.1,2.5,1.0,False,2026-05-04T08:32:40Z
072022,花生仁(油炸),坚果,种子,坚果种子类,583.0,22.2,26.2,47.1,17.2,,0.3,0.08,,8.7,207.8,551.0,20.0,1.6,3.16,1.0,False,2026-05-04T08:32:40Z
072005,花生仁(炒),坚果,种子,坚果种子类,589.0,23.9,25.7,44.4,4.3,,0.12,0.1,0.0,14.97,445.1,674.0,284.0,6.9,2.82,1.0,False,2026-05-04T08:32:40Z
072009,莲子 (干),坚果,种子,坚果种子类,350.0,17.2,67.2,2.0,3.0,,0.16,0.08,5.0,2.71,5.1,846.0,97.0,3.6,2.78,1.0,False,2026-05-04T08:32:40Z
072010,莲子 (糖水罐头),坚果,种子,坚果种子类,202.0,2.8,46.9,0.5,0.7,,0.04,0.09,0.0,,8.7,27.0,24.0,0.0,0.0,1.0,False,2026-05-04T08:32:40Z
072007,葵花子 (炒，咸),坚果,种子,坚果种子类,625.0,22.6,17.3,52.8,4.8,3.0,0.43,0.26,0.0,26.46,1322.0,491.0,72.0,6.1,5.91,0.52,True,2026-05-04T08:32:40Z
072023,葵花子 (熟，奶油香),坚果,种子,坚果种子类,620.0,22.7,17.9,54.1,14.6,,0.54,0.12,,21.79,604.3,423.0,77.0,6.7,7.62,0.51,True,2026-05-04T08:32:40Z
072024,葵花子(熟，原味),坚果,种子,坚果种子类,591.0,28.5,15.1,49.0,8.2,4.0,0.94,0.12,,11.7,634.7,399.0,112.0,6.4,7.45,0.48,True,2026-05-04T08:32:40Z
072006,葵花子(生),坚果,种子,坚果种子类,609.0,23.9,19.1,49.9,6.1,3.0,0.36,0.2,0.0,34.53,5.5,562.0,72.0,5.7,6.03,0.5,True,2026-05-04T08:32:40Z
072008,葵花子仁,坚果,种子,坚果种子类,615.0,19.1,16.7,53.4,4.5,,1.89,0.16,0.0,79.09,5.0,547.0,115.0,2.9,0.5,1.0,False,2026-05-04T08:32:40Z
072014,西瓜子,坚果,种子,坚果种子类,567.0,30.3,13.4,46.5,13.2,,0.03,0.05,,2.71,133.7,516.0,392.0,4.4,5.88,0.38,True,2026-05-04T08:32:40Z
072013,西瓜子(炒),坚果,种子,坚果种子类,582.0,32.7,14.2,44.8,4.5,,0.04,0.08,0.0,1.23,187.7,612.0,28.0,8.2,6.76,0.43,True,2026-05-04T08:32:40Z
072026,西瓜子(熟)(黑瓜子),坚果,种子,坚果种子类,550.0,29.0,9.5,46.0,8.9,0.0,0.06,0.06,,21.1,599.4,880.0,44.0,7.7,5.02,0.38,True,2026-05-04T08:32:40Z
072015,西瓜子仁,坚果,种子,坚果种子类,566.0,32.4,8.6,45.9,5.4,,0.2,0.08,0.0,27.37,9.4,186.0,0.0,4.7,0.39,1.0,False,2026-05-04T08:32:40Z
129011,乌鱼蛋,水产,其他,鱼虾蟹贝类,66.0,14.1,0.0,1.1,0.0,,0.01,0.04,0.0,10.54,126.8,201.0,11.0,0.3,1.27,0.73,True,2026-05-04T08:32:40Z
129016,乌龟 (肉),水产,其他,鱼虾蟹贝类,250.0,14.5,0.4,21.1,0.0,,,,0.0,1.07,87.0,114.0,8.0,1.6,1.94,1.0,False,2026-05-04T08:32:40Z
129015,乌龟 (龟板),水产,其他,鱼虾蟹贝类,466.0,9.9,6.8,44.4,0.0,,,,0.0,1.16,70.9,26.0,10.0,1.4,0.89,0.28,True,2026-05-04T08:32:40Z
129022,墨鱼 (干),水产,其他,鱼虾蟹贝类,313.0,71.6,4.2,1.1,0.0,4.0,0.01,0.07,,1.66,841.0,2020.0,39.0,2.5,6.37,0.85,True,2026-05-04T08:32:40Z
129007,墨鱼 (干，曼氏无针乌贼),水产,其他,鱼虾蟹贝类,287.0,65.3,2.1,1.9,0.0,0.0,0.02,0.05,0.0,6.73,1744.0,1261.0,82.0,23.9,10.02,0.82,True,2026-05-04T08:32:40Z
129006,墨鱼 (鲜，曼氏无针乌贼),水产,其他,鱼虾蟹贝类,83.0,15.2,3.4,0.9,0.0,0.0,0.02,0.04,0.0,1.49,165.5,400.0,15.0,1.0,1.34,0.69,True,2026-05-04T08:32:40Z
129302,墨鱼丸,水产,其他,鱼虾蟹贝类,128.0,13.4,8.0,4.7,4.0,4.0,0.01,0.03,,0.5,825.2,275.0,24.0,0.9,0.98,1.0,False,2026-05-04T08:32:40Z
129301,墨鱼圈,水产,其他,鱼虾蟹贝类,72.0,13.0,0.0,2.2,0.0,8.0,0.05,0.05,,1.27,93.7,159.0,9.0,0.6,2.56,1.0,False,2026-05-04T08:32:40Z
129021,梅花参 (泡发),水产,其他,鱼虾蟹贝类,73.0,11.7,4.5,0.9,0.0,1.0,0.01,0.04,,0.36,217.0,4.0,396.0,2.8,0.66,1.0,False,2026-05-04T08:32:40Z
129019,棘参 (鲜),水产,其他,鱼虾蟹贝类,21.0,,,1.2,,,,0.0,,,895.5,75.0,146.0,2.0,0.25,0.53,True,2026-05-04T08:32:40Z
129001,海参,水产,其他,鱼虾蟹贝类,78.0,16.5,2.5,0.2,0.0,0.0,0.03,0.04,0.0,3.14,502.9,43.0,285.0,13.2,0.63,1.0,False,2026-05-04T08:32:40Z
129002,海参 (干),水产,其他,鱼虾蟹贝类,262.0,50.2,4.5,4.8,0.0,39.0,0.04,0.13,0.0,,4968.0,356.0,,9.0,2.24,0.93,True,2026-05-04T08:32:40Z
129003,海参 (水浸),水产,其他,鱼虾蟹贝类,25.0,6.0,0.0,0.1,0.0,11.0,0.0,0.03,0.0,,80.9,41.0,240.0,0.6,0.27,1.0,False,2026-05-04T08:32:40Z
129020,海参(干),水产,其他,鱼虾蟹贝类,302.0,64.0,9.5,0.9,,,0.1,0.27,,,3643.0,257.0,1483.0,37.6,2.9,1.0,False,2026-05-04T08:32:40Z
129005,海头,水产,其他,鱼虾蟹贝类,74.0,6.0,11.8,0.3,0.0,14.0,0.07,0.04,0.0,2.82,467.7,331.0,120.0,5.1,0.42,1.0,False,2026-05-04T08:32:40Z
129004,海盐皮,水产,其他,鱼虾蟹贝类,33.0,3.7,3.8,0.3,0.0,,0.03,0.05,0.0,2.13,325.0,160.0,150.0,4.8,0.55,1.0,False,2026-05-04T08:32:40Z
129014,甲鱼蛋,水产,其他,鱼虾蟹贝类,128.0,12.5,3.0,7.3,0.0,73.0,1.05,1.58,0.0,3.6,103.9,156.0,103.0,1.3,0.97,1.0,False,2026-05-04T08:32:40Z
129013,章鱼(八爪鱼),水产,其他,鱼虾蟹贝类,135.0,18.9,14.0,0.4,0.0,0.0,0.04,0.06,0.0,1.34,65.4,447.0,21.0,0.6,0.68,0.78,True,2026-05-04T08:32:40Z
129012,章鱼(章鱼肉)(八爪鱼),水产,其他,鱼虾蟹贝类,52.0,10.6,1.4,0.4,0.0,7.0,0.07,0.13,0.0,0.16,288.1,157.0,22.0,1.4,5.18,1.0,False,2026-05-04T08:32:40Z
129017,金鲨鱼翅 (干),水产,其他,鱼虾蟹贝类,350.0,84.1,2.3,0.5,0.0,0.0,0.01,0.02,0.0,0.0,79.6,226.0,252.0,5.1,2.25,1.0,False,2026-05-04T08:32:40Z
129018,鱼翅 (干),水产,其他,鱼虾蟹贝类,362.0,88.4,0.0,0.9,,,0.0,0.01,0.0,,533.0,134.0,557.0,8.7,1.89,1.0,False,2026-05-04T08:32:40Z
129010,鱿鱼 (水浸),水产,其他,鱼虾蟹贝类,75.0,17.0,0.0,0.8,0.0,16.0,0.0,0.03,0.0,0.94,134.7,16.0,43.0,0.5,1.36,0.98,True,2026-05-04T08:32:40Z
129008,鱿鱼 (鲜，中国枪乌贼) (枪乌贼),水产,其他,鱼虾蟹贝类,84.0,17.4,0.0,1.6,0.0,35.0,0.02,0.06,0.0,1.68,110.0,290.0,44.0,0.9,2.38,0.97,True,2026-05-04T08:32:40Z
129009,鱿鱼(干，中国枪乌贼),水产,其他,鱼虾蟹贝类,313.0,60.0,7.8,4.6,0.0,,0.02,0.13,0.0,9.72,965.3,1131.0,87.0,4.1,11.24,0.98,True,2026-05-04T08:32:40Z
122105,东方对虾(中国对虾),水产,虾,鱼虾蟹贝类,84.0,18.3,1.6,0.5,0.0,52.0,0.02,0.11,0.0,3.92,133.6,217.0,35.0,1.0,1.14,0.67,True,2026-05-04T08:32:40Z
122118,九节虾(鲜),水产,虾,鱼虾蟹贝类,90.0,21.4,0.8,0.1,0.0,,,,0.0,0.84,243.5,396.0,12.0,2.7,1.54,0.61,True,2026-05-04T08:32:40Z
122117,北极虾,水产,虾,鱼虾蟹贝类,132.0,14.9,15.4,1.2,0.0,,,,0.0,,566.7,244.0,,1.4,1.28,0.85,True,2026-05-04T08:32:40Z
122121,南美白对虾,水产,虾,鱼虾蟹贝类,83.0,19.4,,,0.0,,,,0.0,16.87,70.5,309.0,7.0,0.2,0.64,0.56,True,2026-05-04T08:32:40Z
122119,口虾站(皮皮虾),水产,虾,鱼虾蟹贝类,82.0,14.8,1.8,1.7,0.0,,,,0.0,2.16,556.1,246.0,6.0,2.5,2.4,0.28,True,2026-05-04T08:32:40Z
122109,基围虾,水产,虾,鱼虾蟹贝类,101.0,18.2,3.9,1.4,0.0,,0.02,0.07,0.0,1.69,172.0,250.0,83.0,2.0,1.18,0.6,True,2026-05-04T08:32:40Z
122113,塘水虾(草虾),水产,虾,鱼虾蟹贝类,96.0,21.2,0.0,1.2,0.0,44.0,0.05,0.03,0.0,4.82,109.0,250.0,403.0,3.4,2.54,0.57,True,2026-05-04T08:32:40Z
122106,对虾,水产,虾,鱼虾蟹贝类,93.0,18.6,2.8,0.8,0.0,15.0,0.01,0.07,0.0,0.62,165.2,215.0,62.0,1.5,2.38,0.61,True,2026-05-04T08:32:40Z
122102,斑节对虾(草虾),水产,虾,鱼虾蟹贝类,103.0,18.6,5.4,0.8,0.0,48.0,0.0,,0.0,1.64,168.8,363.0,59.0,2.0,1.78,0.59,True,2026-05-04T08:32:40Z
122112,明虾,水产,虾,鱼虾蟹贝类,85.0,13.4,3.8,1.8,0.0,0.0,0.01,0.04,0.0,1.55,119.0,238.0,75.0,0.6,3.59,0.57,True,2026-05-04T08:32:40Z
122110,江虾(沼虾),水产,虾,鱼虾蟹贝类,87.0,10.3,9.3,0.9,0.0,102.0,0.04,0.12,0.0,11.3,,683.0,78.0,8.8,2.71,1.0,False,2026-05-04T08:32:40Z
122108,河虾,水产,虾,鱼虾蟹贝类,87.0,16.4,0.0,2.4,0.0,48.0,0.04,0.03,0.0,5.33,133.8,329.0,325.0,4.0,2.24,0.86,True,2026-05-04T08:32:40Z
122107,海虾,水产,虾,鱼虾蟹贝类,79.0,16.8,1.5,0.6,0.0,0.0,0.01,0.05,0.0,2.79,302.2,228.0,146.0,3.0,1.44,0.51,True,2026-05-04T08:32:40Z
122123,琼海虾,水产,虾,鱼虾蟹贝类,56.0,8.9,0.9,1.8,0.0,,,,0.0,,107.7,224.0,,0.4,2.22,1.0,False,2026-05-04T08:32:40Z
122101,白米虾(水虾米),水产,虾,鱼虾蟹贝类,81.0,17.3,2.0,0.4,0.0,54.0,,0.03,0.0,3.34,90.7,255.0,403.0,2.1,2.03,0.57,True,2026-05-04T08:32:40Z
122120,罗氏沼虾,水产,虾,鱼虾蟹贝类,91.0,20.6,0.0,0.8,0.0,,,,0.0,3.17,122.3,318.0,5.0,1.0,1.09,0.4,True,2026-05-04T08:32:40Z
122206,虾仁,水产,虾,鱼虾蟹贝类,199.0,20.8,27.7,0.6,0.0,,,,0.0,,272.6,301.0,81.0,0.4,1.28,1.0,False,2026-05-04T08:32:40Z
122204,虾仁 (红),水产,虾,鱼虾蟹贝类,48.0,10.4,0.0,0.7,0.0,0.0,0.02,,0.0,0.7,272.1,98.0,23.0,0.6,0.62,1.0,False,2026-05-04T08:32:40Z
122301,虾仁肉丸,水产,虾,鱼虾蟹贝类,152.0,4.6,16.7,7.4,0.0,4.0,0.04,,0.0,,429.0,58.0,7.0,0.7,0.5,1.0,False,2026-05-04T08:32:40Z
122205,虾皮,水产,虾,鱼虾蟹贝类,153.0,30.7,2.5,2.2,0.0,19.0,0.14,,0.0,0.92,5057.7,617.0,991.0,6.7,1.93,1.0,False,2026-05-04T08:32:40Z
122201,虾米(海米、虾仁),水产,虾,鱼虾蟹贝类,198.0,43.7,0.0,2.6,0.0,21.0,0.12,,0.0,1.46,4891.9,550.0,555.0,11.0,3.82,1.0,False,2026-05-04T08:32:40Z
122202,虾脑酱,水产,虾,鱼虾蟹贝类,100.0,15.2,0.0,4.3,0.0,,0.29,,0.0,1.78,1790.0,111.0,667.0,8.7,3.65,1.0,False,2026-05-04T08:32:40Z
122114,虾虎,水产,虾,鱼虾蟹贝类,81.0,11.6,4.8,1.7,0.0,,0.04,0.04,0.0,3.18,136.6,132.0,22.0,1.7,3.31,0.32,True,2026-05-04T08:32:40Z
122203,虾酱,水产,虾,鱼虾蟹贝类,112.0,10.8,0.0,7.6,0.0,,0.14,,0.0,3.96,4584.6,196.0,308.0,11.6,1.52,1.0,False,2026-05-04T08:32:40Z
122104,蚓(刺、大头虾),水产,虾,鱼虾蟹贝类,77.0,16.0,0.0,1.4,0.0,,0.03,0.18,0.0,,86.8,181.0,,14.5,0.56,0.14,True,2026-05-04T08:32:40Z
122116,螯虾,水产,虾,鱼虾蟹贝类,93.0,14.8,0.0,3.8,0.0,,0.02,0.18,0.0,4.31,225.2,550.0,85.0,6.4,1.45,0.31,True,2026-05-04T08:32:40Z
122103,长毛对虾(大虾、白露虾),水产,虾,鱼虾蟹贝类,90.0,18.5,3.0,0.4,0.0,45.0,0.03,0.06,0.0,3.52,208.8,386.0,36.0,2.9,1.55,0.65,True,2026-05-04T08:32:40Z
122122,青虾,水产,虾,鱼虾蟹贝类,100.0,23.8,0.2,0.4,0.0,,,,0.0,1.06,277.1,260.0,28.0,0.4,0.91,0.57,True,2026-05-04T08:32:40Z
122111,龙虾,水产,虾,鱼虾蟹贝类,90.0,18.9,1.0,1.1,0.0,0.0,,0.03,0.0,3.58,190.0,257.0,21.0,1.3,2.79,0.46,True,2026-05-04T08:32:40Z
123009,大闸蟹 (母),水产,蟹,鱼虾蟹贝类,156.0,21.0,0.6,7.7,0.0,,,,0.0,6.05,187.8,224.0,15.0,3.2,3.43,0.36,True,2026-05-04T08:32:40Z
123004,梭子蟹,水产,蟹,鱼虾蟹贝类,95.0,15.9,0.9,3.1,0.0,121.0,0.03,0.3,0.0,4.56,481.4,208.0,280.0,2.5,5.5,0.49,True,2026-05-04T08:32:40Z
123307,梭子蟹 (母，蒸),水产,蟹,鱼虾蟹贝类,101.0,24.1,0.0,0.4,0.0,,,,0.0,3.43,394.4,234.0,16.0,0.6,2.86,0.21,True,2026-05-04T08:32:40Z
123306,梭子蟹(公，蒸),水产,蟹,鱼虾蟹贝类,79.0,19.0,0.0,0.2,0.0,,,,0.0,2.23,281.4,234.0,24.0,0.5,2.79,0.28,True,2026-05-04T08:32:40Z
123002,河蟹,水产,蟹,鱼虾蟹贝类,103.0,17.5,2.3,2.6,0.0,389.0,0.06,0.28,0.0,6.09,193.5,181.0,126.0,2.9,3.68,0.42,True,2026-05-04T08:32:40Z
123001,海蟹,水产,蟹,鱼虾蟹贝类,95.0,13.8,4.7,2.3,0.0,30.0,0.01,0.1,0.0,2.99,260.0,232.0,208.0,1.6,3.32,0.55,True,2026-05-04T08:32:40Z
123010,海蟹 (公),水产,蟹,鱼虾蟹贝类,85.0,18.0,2.5,0.3,0.0,,,,0.0,23.34,366.7,309.0,42.0,0.6,3.06,0.25,True,2026-05-04T08:32:40Z
123006,海蟹 (小),水产,蟹,鱼虾蟹贝类,81.0,14.2,3.6,1.1,0.0,0.0,0.03,0.1,0.0,0.58,321.5,370.0,,1.1,3.15,0.42,True,2026-05-04T08:32:40Z
123011,海蟹(母),水产,蟹,鱼虾蟹贝类,64.0,14.2,1.2,0.3,0.0,,,,0.0,2.2,324.1,241.0,107.0,0.3,1.93,0.27,True,2026-05-04T08:32:40Z
123005,蟹肉,水产,蟹,鱼虾蟹贝类,62.0,11.6,1.1,1.2,0.0,,0.03,0.09,0.0,2.91,270.0,214.0,231.0,1.8,2.15,1.0,False,2026-05-04T08:32:40Z
123303,蟹肉 (大闸蟹，公，蒸),水产,蟹,鱼虾蟹贝类,128.0,24.2,0.0,3.4,0.0,,,,0.0,6.9,,312.0,28.0,30.2,5.31,1.0,False,2026-05-04T08:32:40Z
123305,蟹肉 (大闸蟹，母，蒸),水产,蟹,鱼虾蟹贝类,131.0,22.4,0.9,4.2,0.0,,,,0.0,3.12,238.6,285.0,74.0,33.4,4.95,1.0,False,2026-05-04T08:32:40Z
123302,蟹膏 (大闸蟹，蒸),水产,蟹,鱼虾蟹贝类,167.0,15.4,4.4,9.8,0.0,,,,0.0,7.24,386.3,181.0,13.0,37.3,2.62,1.0,False,2026-05-04T08:32:40Z
123301,蟹足棒,水产,蟹,鱼虾蟹贝类,123.0,9.0,,,0.0,5.0,,0.04,0.0,0.63,1242.0,164.0,144.0,0.6,0.72,1.0,False,2026-05-04T08:32:40Z
123304,蟹黄 (大闸蟹，蒸),水产,蟹,鱼虾蟹贝类,255.0,24.0,1.2,17.2,0.0,,,,0.0,23.12,224.3,128.0,5.0,26.6,3.79,1.0,False,2026-05-04T08:32:40Z
123007,锯缘青蟹 (公，鲜),水产,蟹,鱼虾蟹贝类,126.0,16.7,3.1,5.2,0.0,,,,0.0,3.62,240.4,156.0,179.0,11.3,4.67,0.42,True,2026-05-04T08:32:40Z
123008,锯缘青蟹(母，鲜),水产,蟹,鱼虾蟹贝类,155.0,17.3,4.5,7.5,0.0,,,,0.0,3.47,191.8,138.0,199.0,19.9,9.77,0.44,True,2026-05-04T08:32:40Z
123003,锯缘青蟹(青蟹),水产,蟹,鱼虾蟹贝类,80.0,14.6,1.7,1.6,0.0,202.0,0.02,0.39,0.0,2.79,192.9,206.0,228.0,0.9,4.34,0.43,True,2026-05-04T08:32:40Z
124315,六角螺 (鲜),水产,贝,鱼虾蟹贝类,118.0,23.5,,,0.0,,0.1,,0.0,0.39,447.0,,160.0,,,0.07,True,2026-05-04T08:32:40Z
124111,扇贝 (鲜),水产,贝,鱼虾蟹贝类,60.0,11.1,2.6,0.6,0.0,0.0,0.0,0.1,0.0,11.85,339.0,122.0,142.0,7.2,11.69,0.35,True,2026-05-04T08:32:40Z
124112,扇贝(干)(干贝),水产,贝,鱼虾蟹贝类,264.0,55.6,5.1,2.4,0.0,11.0,0.0,0.21,0.0,1.53,306.4,969.0,77.0,5.6,5.05,1.0,False,2026-05-04T08:32:40Z
124313,文蛤(鲜),水产,贝,鱼虾蟹贝类,56.0,9.2,3.2,0.7,0.0,,,,0.0,5.04,456.0,115.0,30.0,17.7,2.32,0.31,True,2026-05-04T08:32:40Z
124601,文蛤丸,水产,贝,鱼虾蟹贝类,211.0,16.2,,,0.0,2.0,0.05,,0.0,,565.0,226.0,21.0,8.4,1.0,1.0,False,2026-05-04T08:32:40Z
124106,河蚌,水产,贝,鱼虾蟹贝类,54.0,10.9,0.7,0.8,0.0,243.0,0.01,0.18,0.0,1.36,17.4,17.0,248.0,26.6,6.23,0.43,True,2026-05-04T08:32:40Z
124107,河蚬(蚬子),水产,贝,鱼虾蟹贝类,47.0,7.0,1.7,1.4,0.0,37.0,0.08,0.13,0.0,0.38,18.4,25.0,39.0,11.4,1.82,0.35,True,2026-05-04T08:32:40Z
124110,泥蚶(血蚶、珠蚶),水产,贝,鱼虾蟹贝类,71.0,10.0,6.0,0.8,0.0,6.0,0.01,0.07,0.0,13.23,354.9,207.0,59.0,11.4,11.59,0.3,True,2026-05-04T08:32:40Z
124309,海蚌 (漳港海蚌，鲜),水产,贝,鱼虾蟹贝类,64.0,9.4,4.9,0.7,0.0,,,,0.0,2.76,650.7,491.0,62.0,7.0,17.41,0.5,True,2026-05-04T08:32:40Z
124308,海蚌 (鲜),水产,贝,鱼虾蟹贝类,51.0,6.9,5.5,0.2,0.0,,,,0.0,2.59,810.9,448.0,86.0,18.9,9.3,0.65,True,2026-05-04T08:32:40Z
124117,海蚌(西施舌),水产,贝,鱼虾蟹贝类,42.0,9.5,0.2,0.3,0.0,10.0,0.0,0.03,0.0,1.51,793.0,159.0,63.0,3.0,2.34,0.47,True,2026-05-04T08:32:40Z
124316,海螺肉 (干),水产,贝,鱼虾蟹贝类,1254.0,0.5,0.0,7.0,191.0,,0.09,,0.0,0.94,1320.0,829.0,276.0,4.5,3.2,1.0,False,2026-05-04T08:32:40Z
124312,牛角江班蛤(鲜)(长带子),水产,贝,鱼虾蟹贝类,49.0,7.1,4.0,0.5,0.0,,,,0.0,4.21,606.1,454.0,43.0,3.2,114.11,0.59,True,2026-05-04T08:32:40Z
124108,牡蛎(海蛎子),水产,贝,鱼虾蟹贝类,73.0,5.3,8.2,2.1,0.0,27.0,0.01,0.13,0.0,0.81,462.1,200.0,131.0,7.1,9.39,1.0,False,2026-05-04T08:32:40Z
124109,生蚝,水产,贝,鱼虾蟹贝类,57.0,10.9,0.0,1.5,0.0,,0.04,0.13,0.0,0.13,270.0,375.0,35.0,5.0,71.2,1.0,False,2026-05-04T08:32:40Z
124306,田螺,水产,贝,鱼虾蟹贝类,60.0,11.0,3.6,0.2,0.0,0.0,0.02,0.19,0.0,0.75,26.0,98.0,1030.0,19.7,2.71,0.26,True,2026-05-04T08:32:40Z
124305,石螺,水产,贝,鱼虾蟹贝类,90.0,12.8,8.2,0.7,0.0,0.0,0.02,0.2,0.0,1.57,13.0,21.0,2458.0,9.0,6.17,0.27,True,2026-05-04T08:32:40Z
124302,红螺,水产,贝,鱼虾蟹贝类,119.0,20.2,7.6,0.9,0.0,50.0,0.0,0.46,0.0,20.7,219.6,179.0,539.0,5.3,3.34,0.55,True,2026-05-04T08:32:40Z
124311,缢蛏(鲜),水产,贝,鱼虾蟹贝类,73.0,8.6,5.6,1.8,0.0,,,,0.0,3.54,133.4,124.0,64.0,21.0,0.72,0.55,True,2026-05-04T08:32:40Z
124103,蛏子,水产,贝,鱼虾蟹贝类,40.0,7.3,2.1,0.3,0.0,59.0,0.02,0.12,0.0,0.59,175.9,140.0,134.0,33.6,2.01,0.57,True,2026-05-04T08:32:40Z
124310,蛏子 (焯),水产,贝,鱼虾蟹贝类,67.0,13.5,1.1,0.9,0.0,,,,0.0,0.45,148.4,195.0,36.0,42.2,2.07,0.52,True,2026-05-04T08:32:40Z
124104,蛏干(蛏子缢、蛏青子),水产,贝,鱼虾蟹贝类,340.0,46.5,27.4,4.9,0.0,20.0,0.07,0.31,0.0,0.41,1175.0,586.0,107.0,88.8,13.63,1.0,False,2026-05-04T08:32:40Z
124206,蛤蜊 (杂色蛤蜊),水产,贝,鱼虾蟹贝类,53.0,7.5,0.7,2.2,0.0,,0.01,0.21,0.0,3.86,494.6,97.0,177.0,12.7,5.13,0.4,True,2026-05-04T08:32:40Z
124204,蛤蜊 (秋蛤剌),水产,贝,鱼虾蟹贝类,89.0,15.6,5.0,0.7,0.0,0.0,0.03,0.2,0.0,17.9,492.3,123.0,177.0,22.0,2.69,0.26,True,2026-05-04T08:32:40Z
124202,蛤蜊 (花蛤),水产,贝,鱼虾蟹贝类,45.0,7.7,2.2,0.6,0.0,23.0,0.0,0.13,0.0,0.51,309.0,235.0,59.0,6.1,1.19,0.46,True,2026-05-04T08:32:40Z
124201x,蛤蜊(代表值),水产,贝,鱼虾蟹贝类,62.0,10.1,2.8,1.1,0.0,21.0,0.01,0.13,0.0,2.41,425.7,140.0,133.0,10.9,2.38,0.39,True,2026-05-04T08:32:40Z
124203,蛤蜊(毛蛤剌)),水产,贝,鱼虾蟹贝类,97.0,15.0,7.1,1.0,0.0,,0.01,0.14,0.0,3.54,363.0,164.0,137.0,15.3,2.29,0.25,True,2026-05-04T08:32:40Z
124205,蛤蜊(沙蛤蜊),水产,贝,鱼虾蟹贝类,56.0,8.9,0.8,1.9,0.0,,0.01,0.01,0.0,2.26,577.7,109.0,111.0,6.5,1.64,0.5,True,2026-05-04T08:32:40Z
124301x,螺(代表值),水产,贝,鱼虾蟹贝类,100.0,15.7,6.6,1.2,0.0,26.0,0.03,0.4,0.0,7.58,153.3,167.0,722.0,7.0,4.6,0.41,True,2026-05-04T08:32:40Z
124304,螺蛳,水产,贝,鱼虾蟹贝类,59.0,7.5,6.0,0.6,0.0,0.0,0.0,0.28,0.0,0.43,252.6,75.0,156.0,1.4,10.27,0.37,True,2026-05-04T08:32:40Z
124314,血蚶 (鲜),水产,贝,鱼虾蟹贝类,51.0,8.2,3.3,0.5,0.0,,,,0.0,3.89,236.3,108.0,234.0,27.3,1.08,0.31,True,2026-05-04T08:32:40Z
124116,贻贝(干)(淡菜、壳菜),水产,贝,鱼虾蟹贝类,355.0,47.8,20.1,9.3,0.0,36.0,0.04,0.32,0.0,7.35,779.0,264.0,157.0,12.5,6.711,1.0,False,2026-05-04T08:32:40Z
124115,贻贝(鲜)(淡菜、壳菜),水产,贝,鱼虾蟹贝类,80.0,11.4,4.7,1.7,0.0,73.0,0.12,0.22,0.0,14.02,451.4,157.0,63.0,6.7,2.47,0.49,True,2026-05-04T08:32:40Z
124105,赤贝,水产,贝,鱼虾蟹贝类,61.0,13.9,0.0,0.6,0.0,0.0,,0.1,0.0,13.22,266.1,153.0,35.0,4.8,11.58,0.34,True,2026-05-04T08:32:40Z
124114,银蚶(蚶子),水产,贝,鱼虾蟹贝类,71.0,12.2,2.3,1.4,0.0,,0.0,0.06,0.0,0.55,280.1,76.0,49.0,7.3,1.64,0.27,True,2026-05-04T08:32:40Z
124307,香海螺,水产,贝,鱼虾蟹贝类,163.0,22.7,10.1,3.5,0.0,,,0.24,0.0,7.17,278.9,333.0,91.0,3.2,2.89,0.59,True,2026-05-04T08:32:40Z
124102,鲍鱼 (干),水产,贝,鱼虾蟹贝类,322.0,54.1,13.7,5.6,0.0,28.0,0.02,0.13,0.0,0.85,2316.2,366.0,143.0,6.8,1.68,1.0,False,2026-05-04T08:32:40Z
124118,鲍鱼 (皱纹鲍),水产,贝,鱼虾蟹贝类,75.0,13.7,4.8,0.1,,,0.06,0.01,0.0,,310.9,207.0,4.0,2.7,0.78,0.4,True,2026-05-04T08:32:40Z
124101,鲍鱼(杂色鲍),水产,贝,鱼虾蟹贝类,84.0,12.6,6.6,0.8,0.0,24.0,0.01,0.16,0.0,2.2,2011.7,136.0,266.0,22.6,1.75,0.65,True,2026-05-04T08:32:40Z
124113,鲜贝,水产,贝,鱼虾蟹贝类,77.0,15.7,2.5,0.5,0.0,0.0,0.0,0.21,0.0,1.46,120.0,226.0,28.0,0.7,2.08,1.0,False,2026-05-04T08:32:40Z
124303,黄螺(东风螺),水产,贝,鱼虾蟹贝类,106.0,19.8,4.5,1.0,0.0,2.0,0.06,1.02,0.0,0.33,129.4,297.0,55.0,3.3,2.21,0.43,True,2026-05-04T08:32:40Z
121134,丁桂鱼,水产,鱼,鱼虾蟹贝类,157.0,29.7,0.2,4.2,0.0,,,,0.0,,124.4,296.0,81.0,2.8,1.54,0.62,True,2026-05-04T08:32:40Z
121205,丁香鱼 (干),水产,鱼,鱼虾蟹贝类,196.0,37.5,4.6,3.1,0.0,119.0,0.01,0.17,0.0,0.3,4375.0,664.0,590.0,4.3,3.4,1.0,False,2026-05-04T08:32:40Z
121402,丁香鱼 (香辣味),水产,鱼,鱼虾蟹贝类,403.0,19.0,18.3,28.2,0.0,0.0,0.04,0.05,0.0,23.25,94.0,,542.0,2.57,18.57,1.0,False,2026-05-04T08:32:40Z
121135,乌(野生)(黑鱼、乌鱼、 生鱼),水产,鱼,鱼虾蟹贝类,105.0,19.9,1.1,2.3,0.0,,,,0.0,2.48,50.0,315.0,20.0,0.4,0.55,0.71,True,2026-05-04T08:32:40Z
121116,乌(黑鱼、乌鱼、生鱼),水产,鱼,鱼虾蟹贝类,85.0,18.5,0.0,1.2,0.0,26.0,0.02,0.14,0.0,0.97,48.8,313.0,152.0,0.7,0.8,0.57,True,2026-05-04T08:32:40Z
121403,凤尾鱼 (熟),水产,鱼,鱼虾蟹贝类,520.0,23.5,9.7,43.0,0.0,4.0,0.02,0.07,0.0,15.65,,161.0,665.0,1.78,39.6,1.0,False,2026-05-04T08:32:40Z
121264,刺泡鱼(刺鲍鱼),水产,鱼,鱼虾蟹贝类,94.0,23.0,0.0,0.2,0.0,0.0,0.08,0.09,0.0,0.34,203.0,191.0,124.0,6.0,,0.48,True,2026-05-04T08:32:40Z
121420,午餐鱼 (香辣味),水产,鱼,鱼虾蟹贝类,383.0,24.4,3.3,30.2,0.0,0.0,0.04,0.09,0.0,17.35,1321.2,576.0,725.0,1.6,2.03,1.0,False,2026-05-04T08:32:40Z
121245,双髻鲨,水产,鱼,鱼虾蟹贝类,111.0,27.4,0.0,0.1,0.0,82.0,0.02,0.07,1.7,,83.0,492.0,4.0,0.8,0.6,0.38,True,2026-05-04T08:32:40Z
121110,口头鱼,水产,鱼,鱼虾蟹贝类,134.0,19.6,4.5,4.2,0.0,,0.01,0.04,0.0,,47.7,270.0,103.0,2.0,1.83,0.56,True,2026-05-04T08:32:40Z
121138,回头鱼,水产,鱼,鱼虾蟹贝类,107.0,14.5,0.4,5.3,0.0,,,,0.0,0.2,33.7,175.0,47.0,0.6,0.51,0.61,True,2026-05-04T08:32:40Z
121204,堤鱼,水产,鱼,鱼虾蟹贝类,191.0,17.6,1.3,12.8,0.0,5.0,0.19,0.12,0.0,0.33,65.0,228.0,15.0,2.2,1.2,0.64,True,2026-05-04T08:32:40Z
121249,大菱鲆鱼(鲜)(多宝鱼),水产,鱼,鱼虾蟹贝类,81.0,17.0,0.7,1.1,0.0,,,,0.0,0.45,83.6,244.0,12.0,0.1,0.33,0.68,True,2026-05-04T08:32:40Z
121227,始鱼(青鱼、始巴鱼、 青砖鱼),水产,鱼,鱼虾蟹贝类,155.0,19.9,2.2,7.4,0.0,38.0,0.08,0.12,0.0,0.55,87.7,263.0,50.0,1.02,57.98,0.66,True,2026-05-04T08:32:40Z
121109,尖嘴白,水产,鱼,鱼虾蟹贝类,137.0,22.7,4.1,3.3,0.0,0.0,0.05,0.02,0.0,0.27,48.3,375.0,27.0,0.6,1.32,0.8,True,2026-05-04T08:32:40Z
121151,尖嘴鱼 (雅江冷水鱼),水产,鱼,鱼虾蟹贝类,107.0,17.1,4.6,2.2,0.0,4.0,0.01,0.09,0.0,0.92,167.0,36.0,10.0,1.9,0.76,0.61,True,2026-05-04T08:32:40Z
121241,带鱼 (切段),水产,鱼,鱼虾蟹贝类,108.0,17.6,0.0,4.2,0.0,19.0,0.02,0.08,0.0,0.42,246.4,361.0,431.0,1.1,2.23,0.7,True,2026-05-04T08:32:40Z
121203,带鱼(白带鱼、刀鱼),水产,鱼,鱼虾蟹贝类,127.0,17.7,3.1,4.9,0.0,29.0,0.02,0.06,0.0,0.82,150.1,280.0,28.0,1.2,0.7,0.76,True,2026-05-04T08:32:40Z
121141,抗浪鱼,水产,鱼,鱼虾蟹贝类,174.0,16.6,2.1,11.0,0.0,,,,0.0,2.2,71.3,126.0,564.0,0.7,2.17,0.85,True,2026-05-04T08:32:40Z
121140,斑(剑骨鱼),水产,鱼,鱼虾蟹贝类,135.0,16.8,0.0,7.3,0.0,,,,0.0,,35.1,468.0,11.0,0.6,0.97,0.54,True,2026-05-04T08:32:40Z
121216,梅童鱼(大头仔鱼、丁珠鱼),水产,鱼,鱼虾蟹贝类,121.0,18.9,0.0,5.0,0.0,25.0,0.02,0.06,0.0,0.81,106.1,299.0,34.0,1.8,1.08,0.63,True,2026-05-04T08:32:40Z
121150,棒棒鱼 (雅江冷水鱼),水产,鱼,鱼虾蟹贝类,118.0,27.1,0.0,1.1,0.0,5.0,0.0,0.1,0.0,0.59,476.0,33.0,6.0,2.1,0.92,0.49,True,2026-05-04T08:32:40Z
121419,沙丁鱼 (油浸),水产,鱼,鱼虾蟹贝类,220.0,23.3,,,0.0,7.0,0.01,0.29,0.0,,450.0,410.0,500.0,2.3,2.2,0.82,True,2026-05-04T08:32:40Z
121418,沙丁鱼 (盐水浸),水产,鱼,鱼虾蟹贝类,172.0,21.5,0.0,9.6,0.0,6.0,0.01,0.26,0.0,,45.0,,540.0,2.3,41.0,0.79,True,2026-05-04T08:32:40Z
121417,沙丁鱼 (茄汁，熟),水产,鱼,鱼虾蟹贝类,155.0,13.8,3.0,9.8,0.0,104.0,0.04,0.12,0.0,5.16,20.0,820.2,17.0,0.32,34.64,1.0,False,2026-05-04T08:32:40Z
121217,沙丁鱼(沙),水产,鱼,鱼虾蟹贝类,89.0,19.8,0.0,1.1,0.0,,,0.03,0.0,0.26,91.5,136.0,184.0,0.16,48.95,0.67,True,2026-05-04T08:32:40Z
121218,沙钻鱼(多鳞鳍、沙梭鱼、 麦穗鱼),水产,鱼,鱼虾蟹贝类,84.0,18.4,1.2,0.6,0.0,12.0,,0.04,0.0,0.19,40.0,173.6,120.0,0.75,21.27,0.63,True,2026-05-04T08:32:40Z
121221,油抒(香梭鱼),水产,鱼,鱼虾蟹贝类,145.0,15.9,0.0,9.0,0.0,32.0,0.0,0.07,0.0,0.88,67.5,275.0,13.0,1.0,22.02,0.74,True,2026-05-04T08:32:40Z
121114,泥鳅,水产,鱼,鱼虾蟹贝类,96.0,17.9,1.7,2.0,0.0,14.0,0.1,0.33,0.0,0.79,74.8,282.0,299.0,2.9,2.76,0.6,True,2026-05-04T08:32:40Z
121250,海鲈鱼 (鲜),水产,鱼,鱼虾蟹贝类,112.0,19.5,0.4,3.6,0.0,,,,0.0,0.31,44.9,,8.0,0.2,0.48,0.55,True,2026-05-04T08:32:40Z
121207,海鲫鱼(九九鱼),水产,鱼,鱼虾蟹贝类,206.0,17.0,3.6,13.7,0.0,,0.02,0.02,0.0,1.06,15.8,133.0,69.0,1.9,0.58,0.6,True,2026-05-04T08:32:40Z
121208,海鳗(鲫勾),水产,鱼,鱼虾蟹贝类,122.0,18.8,0.5,5.0,0.0,22.0,0.06,0.07,0.0,1.7,95.8,266.0,28.0,0.7,0.8,0.67,True,2026-05-04T08:32:40Z
121118,湟鱼(裸鲤鱼),水产,鱼,鱼虾蟹贝类,124.0,17.1,6.7,3.2,0.0,10.0,0.0,0.05,0.0,1.1,42.0,372.0,42.0,1.2,1.28,0.56,True,2026-05-04T08:32:40Z
121206,狗母鱼(大头狗母鱼),水产,鱼,鱼虾蟹贝类,100.0,16.7,3.0,2.3,0.0,11.0,0.05,0.1,0.0,0.07,156.3,194.0,95.0,2.2,1.1,0.67,True,2026-05-04T08:32:40Z
121129,瓣鱼(桂鱼、花鲫鱼),水产,鱼,鱼虾蟹贝类,117.0,19.9,0.0,4.2,0.0,12.0,0.02,0.07,0.0,0.87,68.6,295.0,63.0,1.0,1.07,0.61,True,2026-05-04T08:32:40Z
121201,白姑鱼(白米子(鱼)),水产,鱼,鱼虾蟹贝类,150.0,19.1,0.0,8.2,0.0,,0.02,0.08,0.0,1.49,152.7,382.0,23.0,0.3,0.84,0.67,True,2026-05-04T08:32:40Z
121101,白条鱼 (裸鱼),水产,鱼,鱼虾蟹贝类,103.0,16.6,1.6,3.3,0.0,11.0,0.0,0.07,0.0,0.86,68.0,331.0,58.0,1.7,,0.59,True,2026-05-04T08:32:40Z
121255,石斑鱼 (红石斑鱼),水产,鱼,鱼虾蟹贝类,90.0,19.9,1.6,0.4,0.0,3.0,0.02,0.04,0.0,0.11,106.0,407.0,40.0,1.5,0.77,0.45,True,2026-05-04T08:32:40Z
121254,石斑鱼 (老虎斑),水产,鱼,鱼虾蟹贝类,130.0,20.2,2.7,4.3,0.0,,,,0.0,0.62,91.5,357.0,24.0,21.6,0.78,0.38,True,2026-05-04T08:32:40Z
121256,石斑鱼 (黑石斑鱼),水产,鱼,鱼虾蟹贝类,95.0,20.2,0.9,1.2,0.0,3.0,0.05,0.1,0.0,0.44,88.1,320.0,62.0,1.7,0.88,0.56,True,2026-05-04T08:32:40Z
121257,石斑鱼(花石斑鱼),水产,鱼,鱼虾蟹贝类,95.0,20.2,1.7,0.8,0.0,17.0,0.0,0.07,0.0,0.27,95.8,351.0,15.0,1.6,0.82,0.47,True,2026-05-04T08:32:40Z
121261,笠鱼,水产,鱼,鱼虾蟹贝类,97.0,22.2,0.9,0.5,0.0,1.0,,0.05,0.0,0.54,78.5,430.0,21.0,4.3,,0.45,True,2026-05-04T08:32:40Z
121404,箭鱼 (炸),水产,鱼,鱼虾蟹贝类,271.0,20.8,10.7,16.1,0.0,10.0,0.02,0.05,0.0,8.7,,60.0,211.0,0.72,23.29,1.0,False,2026-05-04T08:32:40Z
121246,紫青低纹 (冰鲜),水产,鱼,鱼虾蟹贝类,150.0,20.5,0.8,7.2,0.0,,,,0.0,0.62,104.0,675.0,,0.8,7.82,0.61,True,2026-05-04T08:32:40Z
121209,红娘鱼(翼红娘鱼),水产,鱼,鱼虾蟹贝类,105.0,18.0,1.9,2.8,0.0,6.0,0.03,0.07,0.0,0.7,163.9,308.0,160.0,1.2,2.99,0.55,True,2026-05-04T08:32:40Z
121251,红鳍笛鲷(红鱼),水产,鱼,鱼虾蟹贝类,134.0,20.1,2.7,4.8,0.0,,,,0.0,0.66,113.0,450.0,31.0,0.2,0.41,0.48,True,2026-05-04T08:32:40Z
121215,绿鳍马面(面包鱼、橡皮鱼),水产,鱼,鱼虾蟹贝类,83.0,18.1,1.2,0.6,0.0,15.0,0.02,0.05,0.0,1.03,80.5,291.0,54.0,0.9,1.44,0.52,True,2026-05-04T08:32:40Z
121126,编鱼(鲂鱼、武昌鱼),水产,鱼,鱼虾蟹贝类,135.0,18.3,1.2,6.3,0.0,28.0,0.02,0.07,0.0,0.52,41.1,215.0,89.0,0.7,0.89,0.59,True,2026-05-04T08:32:40Z
121112,罗非鱼,水产,鱼,鱼虾蟹贝类,98.0,18.4,2.8,1.5,0.0,0.0,0.11,0.17,0.0,1.91,19.8,289.0,12.0,0.9,0.87,0.55,True,2026-05-04T08:32:40Z
121113,罗非鱼(莫桑比克)(非洲 黑鲫鱼),水产,鱼,鱼虾蟹贝类,77.0,16.0,1.0,1.0,0.0,7.0,0.0,0.28,0.0,0.1,66.8,338.0,24.0,1.1,0.7,0.53,True,2026-05-04T08:32:40Z
121144,翘嘴红(鲜),水产,鱼,鱼虾蟹贝类,123.0,18.1,0.1,5.6,0.0,,,,0.0,0.56,49.4,592.0,30.0,0.5,2.73,0.59,True,2026-05-04T08:32:40Z
121105,胡子(塘虱(鱼)),水产,鱼,鱼虾蟹贝类,146.0,15.4,3.1,8.0,0.0,8.0,0.05,0.11,0.0,0.09,45.5,78.0,18.0,0.6,0.86,0.5,True,2026-05-04T08:32:40Z
121152,胡子鱼 (雅江冷水鱼),水产,鱼,鱼虾蟹贝类,99.0,17.4,4.4,1.3,0.0,2.0,0.01,0.09,0.0,0.41,376.0,35.0,11.0,2.1,1.01,0.46,True,2026-05-04T08:32:40Z
121149,胭脂鱼 (养殖),水产,鱼,鱼虾蟹贝类,162.0,38.8,0.4,0.6,0.0,,,,0.0,,83.4,547.0,139.0,0.4,1.38,0.71,True,2026-05-04T08:32:40Z
121220,舌鳎(花纹舌头、舌头鱼),水产,鱼,鱼虾蟹贝类,83.0,17.7,0.0,1.4,0.0,6.0,0.03,0.05,0.0,0.64,138.8,309.0,57.0,1.5,,0.68,True,2026-05-04T08:32:40Z
121121,花,水产,鱼,鱼虾蟹贝类,117.0,15.6,0.0,6.1,0.0,,0.01,0.25,0.0,2.15,63.5,,,,,0.63,True,2026-05-04T08:32:40Z
121136,花骨鱼,水产,鱼,鱼虾蟹贝类,155.0,25.8,0.4,5.6,0.0,,,,0.0,,73.2,325.0,760.0,0.6,2.14,0.57,True,2026-05-04T08:32:40Z
121258,苏眉鱼,水产,鱼,鱼虾蟹贝类,70.0,16.5,0.0,0.4,0.0,2.0,0.01,0.04,0.0,0.26,151.0,313.0,22.0,1.6,1.03,0.33,True,2026-05-04T08:32:40Z
121102,草鱼,水产,鱼,鱼虾蟹贝类,113.0,16.6,0.0,5.2,0.0,11.0,0.04,0.11,0.0,2.03,46.0,312.0,38.0,0.8,0.87,0.58,True,2026-05-04T08:32:40Z
121401,草鱼 (熏),水产,鱼,鱼虾蟹贝类,283.0,24.0,9.6,16.5,0.0,127.0,0.03,0.04,0.0,6.46,36.0,,448.0,1.39,8.78,1.0,False,2026-05-04T08:32:40Z
121131,草鱼(白鲩、草包鱼),水产,鱼,鱼虾蟹贝类,96.0,17.7,0.5,2.6,0.0,11.0,0.04,0.04,0.0,2.03,36.0,325.0,17.0,1.3,0.38,0.58,True,2026-05-04T08:32:40Z
121142,蓝鳃太阳鱼,水产,鱼,鱼虾蟹贝类,93.0,17.8,0.3,2.3,0.0,,,,0.0,0.94,33.5,264.0,27.0,0.6,0.61,0.48,True,2026-05-04T08:32:40Z
121219,蛇(沙梭鱼),水产,鱼,鱼虾蟹贝类,122.0,20.8,0.3,4.2,0.0,,0.04,0.05,0.0,0.91,118.4,304.0,117.0,0.58,13.05,0.72,True,2026-05-04T08:32:40Z
121146,蝙鱼(鲂鱼、武昌鱼),水产,鱼,鱼虾蟹贝类,142.0,27.0,0.7,3.5,0.0,,,,0.0,,127.9,297.0,211.0,1.6,1.23,0.71,True,2026-05-04T08:32:40Z
121103,赤眼鳟(金目鱼),水产,鱼,鱼虾蟹贝类,109.0,18.1,0.0,4.1,0.0,12.0,0.02,0.08,0.0,1.7,87.0,291.0,59.0,6.4,0.56,0.59,True,2026-05-04T08:32:40Z
121406,金枪鱼 (油浸),水产,鱼,鱼虾蟹贝类,189.0,27.1,0.0,9.0,0.0,,0.02,0.12,0.0,,,260.0,12.0,1.1,90.0,0.79,True,2026-05-04T08:32:40Z
121405,金枪鱼 (盐水浸),水产,鱼,鱼虾蟹贝类,99.0,23.5,0.0,0.6,0.0,,0.02,0.11,0.0,,,230.0,8.0,0.7,78.0,0.81,True,2026-05-04T08:32:40Z
121262,金枪鱼肉,水产,鱼,鱼虾蟹贝类,102.0,23.7,1.1,0.3,0.0,1.0,,0.13,0.0,0.07,,517.0,6.0,0.7,69.0,1.0,False,2026-05-04T08:32:40Z
121214,金线鱼(红三鱼),水产,鱼,鱼虾蟹贝类,101.0,18.6,0.0,2.9,0.0,20.0,0.01,0.03,0.0,0.61,118.0,300.0,102.0,1.4,0.66,0.4,True,2026-05-04T08:32:40Z
121243,金蝗鱼,水产,鱼,鱼虾蟹贝类,99.0,18.7,0.0,2.7,0.0,0.0,0.01,0.09,0.0,0.1,104.1,319.0,20.0,0.5,0.36,0.66,True,2026-05-04T08:32:40Z
121143,钳鱼,水产,鱼,鱼虾蟹贝类,212.0,29.2,0.7,10.3,0.0,,,,0.0,,70.3,370.0,65.0,0.4,1.17,0.72,True,2026-05-04T08:32:40Z
121117,银鱼(面条鱼),水产,鱼,鱼虾蟹贝类,105.0,17.2,0.0,4.0,0.0,,0.03,0.05,0.0,1.86,8.6,246.0,46.0,0.9,0.16,1.0,False,2026-05-04T08:32:40Z
121148,雅鱼,水产,鱼,鱼虾蟹贝类,131.0,26.5,0.1,2.7,0.0,,,,0.0,,83.8,420.0,14.0,0.8,1.4,0.73,True,2026-05-04T08:32:40Z
121260,青衣 (孔雀绿色),水产,鱼,鱼虾蟹贝类,82.0,19.2,0.6,0.3,0.0,2.0,0.01,0.07,0.0,0.18,119.0,375.0,24.0,1.7,0.68,0.46,True,2026-05-04T08:32:40Z
121259,青衣(红色),水产,鱼,鱼虾蟹贝类,84.0,20.1,0.2,0.3,0.0,2.0,0.01,0.05,0.0,0.27,132.0,394.0,16.0,1.6,0.7,0.49,True,2026-05-04T08:32:40Z
121115,青鱼(青皮鱼、青鳞鱼、青混),水产,鱼,鱼虾蟹贝类,118.0,20.1,0.0,4.2,0.0,42.0,0.03,0.07,0.0,0.81,47.4,325.0,31.0,0.9,0.96,0.63,True,2026-05-04T08:32:40Z
121222,颚针鱼(针量鱼),水产,鱼,鱼虾蟹贝类,180.0,20.2,1.4,10.4,0.0,,0.01,0.02,0.0,3.36,73.3,336.0,58.0,1.73,37.22,0.75,True,2026-05-04T08:32:40Z
121139,鱼,水产,鱼,鱼虾蟹贝类,143.0,14.8,10.8,4.5,0.0,,,,0.0,0.06,65.7,288.0,32.0,0.5,0.57,0.64,True,2026-05-04T08:32:40Z
121145,鱼,水产,鱼,鱼虾蟹贝类,189.0,20.8,0.9,11.3,0.0,,,,0.0,0.86,114.4,313.0,18.0,14.0,0.81,0.48,True,2026-05-04T08:32:40Z
121247,鱼,水产,鱼,鱼虾蟹贝类,60.0,13.7,0.0,0.6,0.0,,,,0.0,9.06,128.9,262.0,2.0,0.9,0.27,0.45,True,2026-05-04T08:32:40Z
121416,鱼 (煮),水产,鱼,鱼虾蟹贝类,372.0,14.9,0.4,34.5,0.0,125.0,0.18,0.32,0.0,,20.0,51.0,6.0,1.0,,1.0,False,2026-05-04T08:32:40Z
121415,鱼 (蒸),水产,鱼,鱼虾蟹贝类,390.0,14.6,0.7,36.5,0.0,142.0,0.2,0.34,0.0,,22.0,52.4,5.0,0.9,,1.0,False,2026-05-04T08:32:40Z
121248,鱼 (鲜，刺),水产,鱼,鱼虾蟹贝类,149.0,16.8,5.9,6.5,0.0,,,,0.0,0.61,297.5,330.0,38.0,0.1,0.23,0.67,True,2026-05-04T08:32:40Z
121224,鱼(咸)(咸马胶),水产,鱼,鱼虾蟹贝类,157.0,23.3,12.4,1.6,0.0,,0.04,,0.0,4.6,5350.0,298.0,,2.33,28.3,0.67,True,2026-05-04T08:32:40Z
121230,鱼(大)(大凤尾鱼),水产,鱼,鱼虾蟹贝类,106.0,13.2,0.8,5.5,0.0,15.0,0.0,0.08,0.0,0.84,,161.0,114.0,1.51,37.8,0.79,True,2026-05-04T08:32:40Z
121237,鱼(夫鱼),水产,鱼,鱼虾蟹贝类,90.0,20.8,0.0,0.7,0.0,27.0,0.01,0.11,0.0,0.79,,277.0,22.0,0.52,29.4,0.59,True,2026-05-04T08:32:40Z
121231,鱼(小)(小凤尾鱼),水产,鱼,鱼虾蟹贝类,124.0,15.5,4.0,5.1,0.0,14.0,0.06,0.06,0.0,0.74,38.5,225.0,78.0,1.3,33.3,0.9,True,2026-05-04T08:32:40Z
121238,鱼(快鱼、力鱼),水产,鱼,鱼虾蟹贝类,159.0,20.7,0.0,8.5,0.0,0.0,0.0,0.02,0.0,1.83,47.8,246.0,39.0,1.3,,0.71,True,2026-05-04T08:32:40Z
121410,鱼(烤，150℃，20分),水产,鱼,鱼虾蟹贝类,390.0,19.1,0.0,34.8,0.0,132.0,0.25,0.47,0.0,,,370.0,5.0,1.3,,1.0,False,2026-05-04T08:32:40Z
121104,鱼(猴鱼),水产,鱼,鱼虾蟹贝类,114.0,17.5,1.2,4.3,0.0,11.0,0.02,0.07,0.0,0.66,158.4,194.0,139.0,0.2,0.54,0.54,True,2026-05-04T08:32:40Z
121235,鱼(白眼棱鱼),水产,鱼,鱼虾蟹贝类,119.0,18.9,0.0,4.8,0.0,,0.02,0.13,0.0,3.34,,245.0,19.0,0.82,16.8,0.57,True,2026-05-04T08:32:40Z
121120,鱼(胡子鲈、鲢胡、旺虾),水产,鱼,鱼虾蟹贝类,103.0,17.3,0.0,3.7,0.0,,0.03,0.1,0.0,0.54,49.6,351.0,42.0,2.1,0.53,0.65,True,2026-05-04T08:32:40Z
121202,鱼(蓝圆、边鱼),水产,鱼,鱼虾蟹贝类,124.0,18.5,4.8,3.4,0.0,1.0,0.06,0.11,0.0,0.49,81.6,215.0,55.0,1.8,0.85,0.7,True,2026-05-04T08:32:40Z
121233,鱼(银鱼)(平鱼),水产,鱼,鱼虾蟹贝类,140.0,18.5,0.0,7.3,0.0,24.0,0.04,0.07,0.0,1.26,,328.0,46.0,0.8,27.21,0.7,True,2026-05-04T08:32:40Z
121223,鱼(马鲛鱼、燕鱿鱼、巴鱼),水产,鱼,鱼虾蟹贝类,121.0,21.2,2.1,3.1,0.0,19.0,0.03,0.04,0.0,0.71,74.2,370.0,35.0,1.39,51.81,0.8,True,2026-05-04T08:32:40Z
121240,鱼(鳖鱼),水产,鱼,鱼虾蟹贝类,89.0,20.2,0.0,0.9,0.0,33.0,0.01,0.05,0.0,,54.8,357.0,21.0,1.1,0.81,0.76,True,2026-05-04T08:32:40Z
121305,鱼丸,水产,鱼,鱼虾蟹贝类,107.0,11.1,12.7,1.3,0.0,5.0,0.02,0.04,0.0,0.14,854.2,360.0,97.0,1.2,,1.0,False,2026-05-04T08:32:40Z
121302,鱼奇油(鱼露、虾油),水产,鱼,鱼虾蟹贝类,47.0,11.2,0.0,0.2,0.0,,,0.13,0.0,,9350.0,199.0,24.0,3.0,,1.0,False,2026-05-04T08:32:40Z
121306,鱼子酱,水产,鱼,鱼虾蟹贝类,201.0,9.6,24.7,7.1,0.0,0.0,0.07,0.04,0.0,3.89,394.6,271.0,23.0,1.35,18.98,1.0,False,2026-05-04T08:32:40Z
121304,鱼排,水产,鱼,鱼虾蟹贝类,160.0,10.1,24.5,2.4,0.0,0.0,0.04,0.05,0.0,0.0,383.3,136.0,13.0,0.62,9.33,1.0,False,2026-05-04T08:32:40Z
121301,鱼片干,水产,鱼,鱼虾蟹贝类,303.0,46.1,22.0,3.4,0.0,,0.11,0.39,0.0,0.88,2320.6,251.0,106.0,4.4,,1.0,False,2026-05-04T08:32:40Z
121253,鱿鱼(马鲛鱼),水产,鱼,鱼虾蟹贝类,194.0,18.7,4.4,11.3,0.0,,,,0.0,13.17,36.7,378.0,11.0,2.5,0.4,0.72,True,2026-05-04T08:32:40Z
121263,鱿鱼肉(马鲛鱼肉),水产,鱼,鱼虾蟹贝类,102.0,23.7,1.0,0.3,0.0,0.0,0.02,0.04,0.0,0.28,,566.0,4.0,0.63,36.0,1.0,False,2026-05-04T08:32:40Z
121225,鲆(片口鱼、比目鱼),水产,鱼,鱼虾蟹贝类,112.0,20.8,0.0,3.2,0.0,0.0,0.11,,0.0,0.5,66.7,317.0,55.0,0.53,36.97,0.68,True,2026-05-04T08:32:40Z
121226,鲈鱼(鲈花),水产,鱼,鱼虾蟹贝类,105.0,18.6,0.0,3.4,0.0,19.0,0.03,0.17,0.0,0.75,144.1,205.0,138.0,2.83,33.06,0.58,True,2026-05-04T08:32:40Z
121228,鲑鱼(大马哈鱼、三文鱼),水产,鱼,鱼虾蟹贝类,139.0,17.2,0.0,7.8,0.0,45.0,0.07,0.18,0.0,0.78,,361.0,13.0,1.11,29.47,0.72,True,2026-05-04T08:32:40Z
121229,鲑鱼籽酱(大马哈鱼籽酱、 三文鱼籽酱1,水产,鱼,鱼虾蟹贝类,252.0,10.9,14.4,16.8,0.0,111.0,0.33,0.19,0.0,12.25,,,23.0,2.69,203.09,1.0,False,2026-05-04T08:32:40Z
121147,鲟鱼,水产,鱼,鱼虾蟹贝类,100.0,23.4,0.6,0.4,0.0,,,,0.0,,167.8,305.0,31.0,1.3,1.28,0.69,True,2026-05-04T08:32:40Z
121122,鲢鱼(白鲢、胖子、连子鱼),水产,鱼,鱼虾蟹贝类,104.0,17.8,0.0,3.6,0.0,20.0,0.03,0.07,0.0,1.23,57.5,277.0,53.0,1.4,1.17,0.61,True,2026-05-04T08:32:40Z
121132,鲢鱼(白鲢、胖子、连子鱼),水产,鱼,鱼虾蟹贝类,84.0,16.3,0.0,2.1,0.0,20.0,0.01,0.05,0.0,0.3,57.5,277.0,53.0,1.5,0.67,0.61,True,2026-05-04T08:32:40Z
121111,鲤鱼(鲤拐子),水产,鱼,鱼虾蟹贝类,109.0,17.6,0.5,4.1,0.0,25.0,0.03,0.09,0.0,1.27,53.7,334.0,50.0,1.0,2.08,0.54,True,2026-05-04T08:32:40Z
121232,鲨鱼 (真鲨、白斑角鲨),水产,鱼,鱼虾蟹贝类,118.0,22.2,0.0,3.2,0.0,21.0,0.01,0.05,0.0,0.58,102.2,285.0,41.0,0.73,57.02,0.56,True,2026-05-04T08:32:40Z
121123,鲫鱼(喜头鱼、海附鱼),水产,鱼,鱼虾蟹贝类,108.0,17.1,3.8,2.7,0.0,17.0,,0.09,0.0,0.68,41.2,290.0,79.0,1.3,1.94,0.54,True,2026-05-04T08:32:40Z
121133,鲫鱼(喜头鱼、海附鱼),水产,鱼,鱼虾蟹贝类,89.0,18.0,0.7,1.6,0.0,17.0,0.08,0.06,0.0,0.34,41.2,290.0,79.0,1.3,0.53,0.54,True,2026-05-04T08:32:40Z
121125,鲮鱼 (罐头),水产,鱼,鱼虾蟹贝类,399.0,30.7,8.5,26.9,0.0,,0.04,0.09,0.0,5.56,2310.0,480.0,598.0,6.1,2.2,1.0,False,2026-05-04T08:32:40Z
121407,鲮鱼(豆豉，熟),水产,鱼,鱼虾蟹贝类,472.0,25.5,17.9,33.1,0.0,6.0,0.02,0.08,0.0,31.32,47.0,,179.0,2.18,24.82,1.0,False,2026-05-04T08:32:40Z
121124,鲮鱼(雪鲮),水产,鱼,鱼虾蟹贝类,95.0,18.4,0.7,2.1,0.0,125.0,0.01,0.04,0.0,1.54,40.1,317.0,31.0,0.9,0.83,0.57,True,2026-05-04T08:32:40Z
121234,鲷(黑鲷、铜盆鱼、大目鱼),水产,鱼,鱼虾蟹贝类,106.0,17.9,2.7,2.6,0.0,12.0,0.02,0.1,0.0,1.08,,261.0,186.0,1.2,31.53,0.65,True,2026-05-04T08:32:40Z
121236,鲽(比目鱼、凸眼鱼),水产,鱼,鱼虾蟹贝类,107.0,21.1,0.5,2.3,0.0,117.0,0.03,0.04,0.0,2.35,32.0,,107.0,0.92,29.45,0.72,True,2026-05-04T08:32:40Z
121244,鳍鱼,水产,鱼,鱼虾蟹贝类,413.0,14.4,0.2,39.4,0.0,183.0,0.03,0.47,0.0,,56.0,308.0,7.0,1.4,1.0,0.49,True,2026-05-04T08:32:40Z
121414,鳍鱼 (炸),水产,鱼,鱼虾蟹贝类,550.0,17.2,0.1,53.4,0.0,103.0,0.14,0.31,0.0,,27.0,,8.0,1.1,,1.0,False,2026-05-04T08:32:40Z
121422,鳕鱼 (炸),水产,鱼,鱼虾蟹贝类,241.0,12.4,15.6,14.3,0.0,0.0,0.07,0.06,0.0,,480.0,230.0,43.0,0.4,0.4,0.98,True,2026-05-04T08:32:40Z
121421,鳕鱼 (烤),水产,鱼,鱼虾蟹贝类,96.0,21.4,0.0,1.2,0.0,2.0,0.03,0.05,0.0,,340.0,350.0,11.0,0.1,0.5,0.85,True,2026-05-04T08:32:40Z
121239,鳕鱼(鳕狭、明太鱼),水产,鱼,鱼虾蟹贝类,88.0,20.4,0.5,0.5,0.0,14.0,,0.13,0.0,,130.3,321.0,42.0,0.5,0.86,0.45,True,2026-05-04T08:32:40Z
121127,鳗(鳗鱼、河鳗),水产,鱼,鱼虾蟹贝类,181.0,18.6,2.3,10.8,0.0,,0.02,0.02,0.0,3.6,58.8,207.0,42.0,1.5,1.15,0.84,True,2026-05-04T08:32:40Z
121408,鳗鱼 (红烧),水产,鱼,鱼虾蟹贝类,211.0,21.3,9.5,9.8,0.0,0.0,0.03,0.09,0.0,5.91,16.0,,37.0,2.46,24.45,1.0,False,2026-05-04T08:32:40Z
121128,鳙鱼(胖头鱼、摆佳鱼、花 鲢鱼),水产,鱼,鱼虾蟹贝类,100.0,15.3,4.7,2.2,0.0,34.0,0.04,0.11,0.0,2.65,60.6,229.0,82.0,0.8,0.76,0.61,True,2026-05-04T08:32:40Z
121130,鳟鱼(红鲜鱼),水产,鱼,鱼虾蟹贝类,99.0,18.6,0.2,2.6,0.0,206.0,0.08,,0.0,3.55,110.0,688.0,34.0,,4.3,0.57,True,2026-05-04T08:32:40Z
121252,黄姑鱼 (鲜),水产,鱼,鱼虾蟹贝类,88.0,14.7,5.6,0.7,0.0,,,,0.0,0.89,147.0,281.0,148.0,0.3,19.43,0.68,True,2026-05-04T08:32:40Z
121210,黄姑鱼(黄婆鸡),水产,鱼,鱼虾蟹贝类,137.0,18.4,0.0,7.0,0.0,0.0,0.04,0.09,0.0,1.09,101.9,282.0,94.0,0.9,0.61,0.63,True,2026-05-04T08:32:40Z
121106,黄颡鱼(戈牙鱼、黄鳍鱼),水产,鱼,鱼虾蟹贝类,124.0,17.8,7.1,2.7,0.0,0.0,0.01,0.06,0.0,1.48,250.4,202.0,59.0,6.4,1.48,0.52,True,2026-05-04T08:32:40Z
121137,黄颡鱼(戈牙鱼、黄鳍鱼),水产,鱼,鱼虾蟹贝类,161.0,17.3,0.0,10.2,0.0,,,,0.0,2.87,40.7,235.0,0.0,14.0,0.7,0.44,True,2026-05-04T08:32:40Z
121211,黄鱼 (大黄花鱼),水产,鱼,鱼虾蟹贝类,97.0,17.7,0.8,2.5,0.0,10.0,0.03,0.1,0.0,1.13,120.3,260.0,53.0,0.7,0.58,0.66,True,2026-05-04T08:32:40Z
121242,黄鱼 (小黄花鱼),水产,鱼,鱼虾蟹贝类,114.0,17.0,0.0,5.1,0.0,94.0,0.03,0.08,0.0,0.82,194.3,198.0,191.0,0.7,0.88,0.62,True,2026-05-04T08:32:40Z
121213,黄鲂(赤虹、老板鱼),水产,鱼,鱼虾蟹贝类,81.0,18.5,0.6,0.5,0.0,10.0,0.03,0.07,0.0,0.16,159.9,227.0,27.0,0.3,0.37,0.75,True,2026-05-04T08:32:40Z
121107,黄鳝(鳝鱼),水产,鱼,鱼虾蟹贝类,89.0,18.0,1.2,1.4,0.0,50.0,0.06,0.98,0.0,1.34,70.2,263.0,42.0,2.5,1.97,0.67,True,2026-05-04T08:32:40Z
121108,黄鳝丝,水产,鱼,鱼虾蟹贝类,69.0,15.4,0.0,0.8,0.0,,0.04,2.08,0.0,1.1,131.0,278.0,57.0,2.8,1.82,0.88,True,2026-05-04T08:32:40Z
061208,京白梨,水果,仁果类,水果类及其制品,57.0,0.2,1.4,,0.0,,0.02,,3.0,0.08,0.7,105.0,7.0,0.3,,0.79,True,2026-05-04T08:32:40Z
061102,伏苹果,水果,仁果类,水果类及其制品,48.0,0.5,11.8,0.1,1.2,,,0.04,2.0,0.15,,78.0,15.0,0.06,0.1,0.86,True,2026-05-04T08:32:40Z
061118,倭锦苹果,水果,仁果类,水果类及其制品,54.0,0.2,13.6,0.2,1.7,4.0,0.0,0.01,1.0,,,70.0,4.0,,0.03,0.86,True,2026-05-04T08:32:40Z
061204,冬果梨,水果,仁果类,水果类及其制品,46.0,0.4,12.8,0.2,4.3,2.0,0.03,,6.0,,,,,,,0.87,True,2026-05-04T08:32:40Z
061228,冬果梨(罐头),水果,仁果类,水果类及其制品,56.0,0.3,15.9,,4.5,,0.01,,0.0,,2.0,13.0,16.0,1.4,1.36,1.0,False,2026-05-04T08:32:40Z
061116,印度苹果,水果,仁果类,水果类及其制品,54.0,0.6,14.8,0.2,4.9,2.0,0.04,0.02,0.0,,,,,,,0.9,True,2026-05-04T08:32:40Z
061904,吊蛋,水果,仁果类,水果类及其制品,65.0,0.8,16.8,0.4,4.4,,0.01,,0.0,2.19,0.6,136.0,11.0,0.2,0.39,0.95,True,2026-05-04T08:32:40Z
061103,国光苹果,水果,仁果类,水果类及其制品,56.0,0.3,13.3,0.3,0.8,5.0,0.02,0.03,4.0,0.11,1.3,83.0,8.0,0.3,,0.78,True,2026-05-04T08:32:40Z
061209,库尔勒香梨,水果,仁果类,水果类及其制品,42.0,0.1,6.7,,0.0,,,,,,3.7,79.0,22.0,,2.34,0.91,True,2026-05-04T08:32:40Z
061225,早酥梨,水果,仁果类,水果类及其制品,50.0,0.2,3.6,,0.0,40.0,,,12.0,,,137.0,12.0,0.07,0.37,0.92,True,2026-05-04T08:32:40Z
061104,旱苹果,水果,仁果类,水果类及其制品,34.0,0.4,8.4,0.2,1.7,,0.01,0.03,,,,,,,,0.96,True,2026-05-04T08:32:40Z
061212,明月梨,水果,仁果类,水果类及其制品,54.0,0.3,0.9,,,,0.03,,6.0,2.09,1.4,110.0,2.0,0.4,,0.81,True,2026-05-04T08:32:40Z
061213,木梨,水果,仁果类,水果类及其制品,32.0,0.4,1.9,,0.0,,0.04,,5.0,0.47,3.0,121.0,4.0,,0.2,0.8,True,2026-05-04T08:32:40Z
061201x,梨(代表值),水果,仁果类,水果类及其制品,51.0,0.3,13.1,0.1,2.6,2.0,0.03,0.03,5.0,0.46,,85.0,7.0,0.1,0.29,0.82,True,2026-05-04T08:32:40Z
061202,梨(巴梨),水果,仁果类,水果类及其制品,51.0,0.4,12.9,0.2,2.2,1.0,0.03,0.05,11.0,0.52,,145.0,6.0,0.02,,0.79,True,2026-05-04T08:32:40Z
061229,梨(糖水罐头),水果,仁果类,水果类及其制品,36.0,0.5,8.8,0.2,1.4,,0.02,0.04,0.0,0.02,2.1,15.0,2.0,0.3,0.19,1.0,False,2026-05-04T08:32:40Z
061903,沙果,水果,仁果类,水果类及其制品,70.0,0.4,17.8,0.1,2.0,0.0,0.03,,3.0,0.09,2.1,123.0,5.0,1.0,0.2,0.95,True,2026-05-04T08:32:40Z
061902,海棠 (罐头),水果,仁果类,水果类及其制品,56.0,0.5,13.6,0.2,1.3,,0.0,,0.0,,8.8,56.0,43.0,2.3,0.75,1.0,False,2026-05-04T08:32:40Z
061901,海棠果(子),水果,仁果类,水果类及其制品,76.0,0.3,19.2,0.2,1.8,59.0,0.05,0.03,20.0,0.25,0.6,263.0,15.0,0.4,0.04,0.86,True,2026-05-04T08:32:40Z
061117,祝光苹果,水果,仁果类,水果类及其制品,50.0,0.4,12.5,0.1,1.5,1.0,0.05,0.01,,0.07,,140.0,3.0,,,0.86,True,2026-05-04T08:32:40Z
061114,秋里蒙苹果,水果,仁果类,水果类及其制品,43.0,0.2,11.9,0.2,3.7,,0.03,0.01,0.0,,,,,,,0.85,True,2026-05-04T08:32:40Z
061226,紫酥梨,水果,仁果类,水果类及其制品,51.0,0.3,2.0,,,,0.04,,9.0,3.64,1.7,86.0,1.0,,,0.59,True,2026-05-04T08:32:40Z
061109,红元帅苹果,水果,仁果类,水果类及其制品,60.0,0.2,14.3,0.4,0.6,3.0,0.02,0.01,3.0,0.02,0.7,58.0,2.0,0.3,0.09,0.84,True,2026-05-04T08:32:40Z
061105,红富士苹果,水果,仁果类,水果类及其制品,49.0,0.7,11.7,0.4,2.1,5.0,0.01,,2.0,1.46,0.7,115.0,3.0,0.7,,0.85,True,2026-05-04T08:32:40Z
061107,红星苹果,水果,仁果类,水果类及其制品,58.0,0.4,14.3,0.1,0.8,1.0,0.0,0.02,1.0,0.21,2.3,,2.0,,2.31,0.85,True,2026-05-04T08:32:40Z
061301,红果(山里红，大山楂),水果,仁果类,水果类及其制品,102.0,0.5,25.1,0.6,3.1,8.0,0.02,0.02,53.0,7.32,5.4,299.0,52.0,0.9,0.28,0.76,True,2026-05-04T08:32:40Z
061302,红果(干),水果,仁果类,水果类及其制品,251.0,4.3,78.4,2.2,49.7,5.0,0.02,0.18,2.0,0.47,9.9,440.0,144.0,0.4,0.61,1.0,False,2026-05-04T08:32:40Z
061108,红玉苹果,水果,仁果类,水果类及其制品,52.0,0.2,14.7,0.2,4.7,1.0,0.02,0.02,0.0,,,,,,,0.84,True,2026-05-04T08:32:40Z
061206,红肖梨,水果,仁果类,水果类及其制品,36.0,0.2,3.2,,0.0,10.0,0.46,,4.0,0.46,3.4,78.0,11.0,0.4,,0.87,True,2026-05-04T08:32:40Z
061106,红香蕉苹果,水果,仁果类,水果类及其制品,51.0,0.4,12.3,0.2,0.9,8.0,0.01,0.02,3.0,0.36,2.0,85.0,5.0,0.6,,0.87,True,2026-05-04T08:32:40Z
061217,苏木梨,水果,仁果类,水果类及其制品,52.0,0.6,2.5,,0.0,,0.02,,5.0,,,,,,,0.88,True,2026-05-04T08:32:40Z
061216,苏梅梨,水果,仁果类,水果类及其制品,77.0,1.2,5.7,,0.0,,0.02,,1.0,0.66,,39.0,9.0,0.16,0.04,0.88,True,2026-05-04T08:32:40Z
061101x,苹果 (代表值),水果,仁果类,水果类及其制品,53.0,0.4,,,1.7,4.0,,0.02,3.0,0.43,1.3,83.0,4.0,0.3,0.04,0.85,True,2026-05-04T08:32:40Z
061119,苹果(罐头),水果,仁果类,水果类及其制品,41.0,0.2,10.3,0.2,1.3,,,,,,,50.0,26.0,0.2,4.64,1.0,False,2026-05-04T08:32:40Z
061214,苹果梨,水果,仁果类,水果类及其制品,53.0,0.2,2.3,,0.0,30.0,0.01,,4.0,,2.4,180.0,4.0,,3.26,0.94,True,2026-05-04T08:32:40Z
061210,莱阳梨,水果,仁果类,水果类及其制品,54.0,0.3,2.6,,0.0,,0.02,,3.0,0.61,1.8,82.0,10.0,0.4,,0.8,True,2026-05-04T08:32:40Z
061907,蛇果,水果,仁果类,水果类及其制品,59.0,0.1,14.9,0.2,,1.0,0.03,0.0,2.0,0.0,3.1,14.0,5.0,0.1,0.08,0.84,True,2026-05-04T08:32:40Z
061215,软梨,水果,仁果类,水果类及其制品,32.0,0.4,9.1,,0.0,20.0,,,0.0,,1.0,105.0,25.0,,8.43,0.68,True,2026-05-04T08:32:40Z
061218,酥梨,水果,仁果类,水果类及其制品,45.0,0.3,1.2,,0.0,,0.02,,11.0,1.82,2.3,76.0,2.0,,,0.72,True,2026-05-04T08:32:40Z
061906,酸刺,水果,仁果类,水果类及其制品,112.0,2.8,25.5,0.3,2.2,13.0,0.02,0.04,74.0,1.52,8.3,259.0,105.0,11.7,1.1,0.16,True,2026-05-04T08:32:40Z
061219,酸梨,水果,仁果类,水果类及其制品,33.0,0.1,3.7,,0.0,,0.22,,14.0,1.28,,102.0,12.0,2.7,1.62,0.85,True,2026-05-04T08:32:40Z
061112,金元帅苹果,水果,仁果类,水果类及其制品,53.0,0.2,13.3,0.1,1.1,8.0,0.05,0.01,4.0,0.61,1.7,72.0,2.0,0.11,0.03,0.78,True,2026-05-04T08:32:40Z
061207,锦丰梨,水果,仁果类,水果类及其制品,51.0,0.2,3.2,,0.0,20.0,,,6.0,,,,,,,0.92,True,2026-05-04T08:32:40Z
061203,长把梨,水果,仁果类,水果类及其制品,62.0,0.8,14.9,0.8,4.0,,0.02,0.07,3.0,1.11,,50.0,9.0,0.13,0.04,0.8,True,2026-05-04T08:32:40Z
061222,雪梨,水果,仁果类,水果类及其制品,79.0,0.9,3.0,,,0.0,,,1.0,0.24,,45.0,12.0,0.25,0.04,0.93,True,2026-05-04T08:32:40Z
061221,雪花梨,水果,仁果类,水果类及其制品,42.0,0.2,0.8,,,100.0,0.01,,4.0,0.19,,85.0,5.0,0.06,0.18,0.86,True,2026-05-04T08:32:40Z
061113,青香蕉苹果,水果,仁果类,水果类及其制品,52.0,0.3,13.1,0.1,1.3,2.0,0.02,0.02,3.0,0.37,1.3,83.0,9.0,0.04,0.07,0.8,True,2026-05-04T08:32:40Z
061905,面蛋,水果,仁果类,水果类及其制品,91.0,1.6,21.7,0.5,3.3,11.0,0.03,,0.0,4.11,3.8,237.0,206.0,4.3,1.07,0.6,True,2026-05-04T08:32:40Z
061220,香梨,水果,仁果类,水果类及其制品,51.0,0.3,2.7,,,70.0,,,0.0,,0.8,90.0,6.0,,0.22,0.89,True,2026-05-04T08:32:40Z
061115,香玉苹果,水果,仁果类,水果类及其制品,62.0,0.5,15.7,0.1,1.7,5.0,0.03,0.02,6.0,0.84,,173.0,3.0,0.03,,0.69,True,2026-05-04T08:32:40Z
061211,马蹄黄梨,水果,仁果类,水果类及其制品,50.0,0.3,1.3,,0.0,,0.03,,10.0,1.8,3.3,80.0,2.0,0.1,,0.74,True,2026-05-04T08:32:40Z
061227,鳄梨,水果,仁果类,水果类及其制品,171.0,2.0,7.4,15.3,2.1,31.0,0.11,0.12,8.0,,10.0,599.0,11.0,1.0,0.42,1.0,False,2026-05-04T08:32:40Z
061223,鸭广梨,水果,仁果类,水果类及其制品,60.0,0.6,5.1,,,,0.02,,4.0,0.48,,110.0,18.0,0.02,0.3,0.76,True,2026-05-04T08:32:40Z
061224,鸭梨,水果,仁果类,水果类及其制品,45.0,0.2,1.1,,0.0,10.0,0.03,,4.0,0.31,,77.0,4.0,0.1,0.28,0.82,True,2026-05-04T08:32:40Z
061205,鹅黄梨,水果,仁果类,水果类及其制品,41.0,,1.9,10.7,0.0,,0.02,,8.0,1.77,,69.0,1.0,,,0.68,True,2026-05-04T08:32:40Z
061111,黄元帅苹果,水果,仁果类,水果类及其制品,59.0,0.2,14.7,0.3,1.8,8.0,0.02,0.02,4.0,0.21,0.6,184.0,5.0,0.03,0.01,0.8,True,2026-05-04T08:32:40Z
061110,黄香蕉苹果,水果,仁果类,水果类及其制品,53.0,0.3,13.7,0.2,2.2,2.0,0.0,0.03,4.0,0.79,0.8,84.0,10.0,0.02,,0.88,True,2026-05-04T08:32:40Z
064207,三湖红橘,水果,柑橘类,水果类及其制品,43.0,0.8,10.0,0.3,1.3,,0.03,0.02,3.0,0.3,1.4,250.0,33.0,,0.76,0.68,True,2026-05-04T08:32:40Z
064209,小叶橘,水果,柑橘类,水果类及其制品,40.0,1.1,8.8,0.2,0.9,205.0,0.25,0.03,0.0,0.74,2.1,124.0,72.0,0.09,0.5,0.81,True,2026-05-04T08:32:40Z
064210,早橘,水果,柑橘类,水果类及其制品,57.0,1.2,12.6,0.2,0.1,428.0,0.09,0.03,25.0,1.45,0.9,131.0,21.0,0.21,0.22,0.82,True,2026-05-04T08:32:40Z
064301,柚(文旦),水果,柑橘类,水果类及其制品,42.0,0.8,9.5,0.2,0.4,1.0,,0.03,23.0,,3.0,119.0,4.0,0.4,0.7,0.69,True,2026-05-04T08:32:40Z
064302,柠檬,水果,柑橘类,水果类及其制品,37.0,,6.2,1.2,1.3,0.0,0.05,0.02,22.0,1.14,,,101.0,0.65,0.5,0.66,True,2026-05-04T08:32:40Z
064204,橘 (金橘)(金枣),水果,柑橘类,水果类及其制品,58.0,1.0,13.7,0.2,1.4,31.0,0.04,0.03,35.0,1.58,3.0,144.0,56.0,,0.62,0.89,True,2026-05-04T08:32:40Z
064208,橘(四川红橘),水果,柑橘类,水果类及其制品,42.0,0.7,9.8,0.1,0.7,15.0,0.24,0.04,33.0,0.27,1.7,105.0,42.0,0.17,0.1,0.78,True,2026-05-04T08:32:40Z
064203,橘柑子(宽皮桂),水果,柑橘类,水果类及其制品,44.0,0.8,10.2,0.1,0.5,41.0,0.04,0.03,35.0,1.22,0.8,128.0,24.0,,0.7,0.78,True,2026-05-04T08:32:40Z
064211,橘饼,水果,柑橘类,水果类及其制品,371.0,0.6,92.9,0.4,3.5,22.0,0.03,0.19,,,17.0,,125.0,0.21,1.47,1.0,False,2026-05-04T08:32:40Z
064101,橙,水果,柑橘类,水果类及其制品,48.0,,,11.1,0.6,13.0,0.05,0.04,33.0,0.56,1.2,159.0,20.0,0.4,0.14,0.74,True,2026-05-04T08:32:40Z
064202,福橘,水果,柑橘类,水果类及其制品,46.0,1.0,10.3,0.2,0.4,50.0,0.05,0.02,11.0,,,127.0,27.0,0.22,0.12,0.67,True,2026-05-04T08:32:40Z
064205,芦橘,水果,柑橘类,水果类及其制品,44.0,0.6,10.3,0.2,0.6,43.0,0.02,0.03,19.0,,,54.0,45.0,,0.07,0.77,True,2026-05-04T08:32:40Z
064303,葡萄柚(西柚),水果,柑橘类,水果类及其制品,33.0,,,7.8,,282.0,0.01,,38.0,,7.0,60.0,21.0,0.1,0.1,0.73,True,2026-05-04T08:32:40Z
064304,葡萄柚(西柚),水果,柑橘类,水果类及其制品,40.0,0.7,,,0.0,65.0,0.02,,36.0,0.17,10.0,4.1,,0.01,0.03,0.65,True,2026-05-04T08:32:40Z
064206,蜜橘,水果,柑橘类,水果类及其制品,45.0,0.8,10.3,0.4,1.4,138.0,0.05,0.04,19.0,0.45,1.3,177.0,19.0,0.2,,0.76,True,2026-05-04T08:32:40Z
062305,乐陵枣,水果,核果类,水果类及其制品,233.0,3.3,8.8,,0.0,,0.13,,54.0,4.77,,420.0,34.0,1.01,1.46,0.76,True,2026-05-04T08:32:40Z
062112,五月鲜桃,水果,核果类,水果类及其制品,41.0,,0.9,10.0,0.0,,0.03,,0.0,0.67,10.0,1.7,7.0,0.14,0.0,0.93,True,2026-05-04T08:32:40Z
062312,冬枣,水果,核果类,水果类及其制品,113.0,1.8,2.2,,0.0,0.0,0.09,,243.0,0.19,17.0,,16.0,0.19,0.14,0.93,True,2026-05-04T08:32:40Z
062306,密云小枣,水果,核果类,水果类及其制品,229.0,3.9,7.3,,0.0,,0.04,,0.0,,,612.0,80.0,0.65,1.1,0.92,True,2026-05-04T08:32:40Z
062313,小枣 (干),水果,核果类,水果类及其制品,275.0,2.7,66.8,0.7,,0.0,0.17,0.14,0.0,0.0,12.2,486.0,62.0,1.2,0.5,0.81,True,2026-05-04T08:32:40Z
062207,布朗,水果,核果类,水果类及其制品,44.0,,,10.7,0.0,46.0,0.01,,2.0,0.0,2.2,14.0,5.0,0.1,0.1,0.87,True,2026-05-04T08:32:40Z
062110,庆丰桃,水果,核果类,水果类及其制品,42.0,0.6,10.1,0.1,0.9,,0.01,0.02,,0.76,2.1,57.0,,0.3,,0.93,True,2026-05-04T08:32:40Z
062113,早桃 (黄),水果,核果类,水果类及其制品,41.0,,1.1,10.1,0.0,60.0,0.02,,12.0,0.71,1.3,155.0,4.0,0.1,,0.73,True,2026-05-04T08:32:40Z
062104,旱久保桃,水果,核果类,水果类及其制品,48.0,0.9,11.3,0.1,0.8,1.0,0.03,0.02,10.0,0.53,1.8,144.0,12.0,0.2,0.13,0.89,True,2026-05-04T08:32:40Z
062111,晚桃 (黄),水果,核果类,水果类及其制品,41.0,,,9.6,1.0,2.0,0.01,,11.0,0.21,0.5,168.0,6.0,,,0.75,True,2026-05-04T08:32:40Z
062201,李子,水果,核果类,水果类及其制品,38.0,,0.9,8.7,0.0,150.0,0.02,,5.0,0.74,,144.0,8.0,0.14,0.23,0.91,True,2026-05-04T08:32:40Z
062202,李子杏,水果,核果类,水果类及其制品,37.0,,1.1,8.6,0.0,80.0,0.01,,16.0,,,103.0,3.0,0.23,0.09,0.92,True,2026-05-04T08:32:40Z
062204,杏,水果,核果类,水果类及其制品,38.0,,1.3,9.1,0.0,450.0,0.03,,4.0,0.95,,226.0,14.0,0.2,0.2,0.91,True,2026-05-04T08:32:40Z
062205,杏 (罐头),水果,核果类,水果类及其制品,40.0,,1.4,9.7,0.0,430.0,,,0.0,1.32,22.3,26.0,6.0,0.35,4.13,1.0,False,2026-05-04T08:32:40Z
062206,杏干,水果,核果类,水果类及其制品,338.0,,4.4,83.2,0.0,610.0,0.01,,0.0,,,783.0,147.0,3.8,3.33,0.25,True,2026-05-04T08:32:40Z
062302,枣(干),水果,核果类,水果类及其制品,276.0,,6.2,67.8,0.0,10.0,0.16,,14.0,3.04,,524.0,64.0,0.65,1.02,0.8,True,2026-05-04T08:32:40Z
062303,枣(干，大),水果,核果类,水果类及其制品,317.0,2.1,9.5,,0.0,,0.15,,7.0,,,185.0,54.0,0.45,1.54,0.88,True,2026-05-04T08:32:40Z
062304,枣(金丝小枣),水果,核果类,水果类及其制品,308.0,,7.0,76.7,0.0,,0.5,,,1.31,,65.0,23.0,0.23,1.0,0.81,True,2026-05-04T08:32:40Z
062301,枣(鲜),水果,核果类,水果类及其制品,125.0,,1.9,30.5,0.0,240.0,0.09,,243.0,0.78,,375.0,22.0,1.52,0.8,0.87,True,2026-05-04T08:32:40Z
062107,桃(久保桃),水果,核果类,水果类及其制品,42.0,0.6,10.0,0.1,0.6,,0.04,0.04,8.0,1.15,2.0,100.0,10.0,0.4,0.14,0.94,True,2026-05-04T08:32:40Z
062101x,桃(代表值),水果,核果类,水果类及其制品,42.0,0.6,10.1,0.1,1.0,2.0,0.01,0.02,10.0,0.71,1.7,127.0,6.0,0.14,0.47,0.89,True,2026-05-04T08:32:40Z
062116,桃(糖水罐头),水果,核果类,水果类及其制品,60.0,,,14.5,0.0,,0.04,,0.0,0.75,2.7,63.0,3.0,0.25,,1.0,False,2026-05-04T08:32:40Z
062105,桃(黄桃),水果,核果类,水果类及其制品,56.0,0.5,14.0,0.1,1.2,8.0,0.0,0.01,9.0,0.92,,,,,,0.93,True,2026-05-04T08:32:40Z
062203,梅(青梅),水果,核果类,水果类及其制品,34.0,,1.0,6.2,0.0,,,,,,,,11.0,,,0.93,True,2026-05-04T08:32:40Z
062902,樱桃,水果,核果类,水果类及其制品,46.0,1.1,10.2,0.2,0.3,18.0,0.02,0.02,10.0,2.22,8.0,232.0,11.0,0.4,0.23,0.8,True,2026-05-04T08:32:40Z
062903,樱桃 (野，白刺),水果,核果类,水果类及其制品,304.0,11.4,59.8,3.9,7.9,,0.12,0.22,,,98.5,100.0,59.0,11.4,0.31,0.23,True,2026-05-04T08:32:40Z
062102,白粉桃,水果,核果类,水果类及其制品,26.0,1.3,5.5,0.1,0.9,,0.01,0.04,9.0,,,,7.0,,,0.93,True,2026-05-04T08:32:40Z
062109,蒲桃,水果,核果类,水果类及其制品,39.0,0.5,10.2,0.2,2.8,,0.0,0.02,25.0,0.7,1.0,109.0,4.0,0.3,0.17,0.69,True,2026-05-04T08:32:40Z
062310,蜜枣(椰枣),水果,核果类,水果类及其制品,333.0,,5.8,84.4,0.0,30.0,0.1,,55.0,0.3,19.0,25.1,59.0,0.25,1.0,1.0,False,2026-05-04T08:32:40Z
062115,蜜桃,水果,核果类,水果类及其制品,46.0,0.6,11.0,0.1,0.6,1.0,0.01,0.02,4.0,1.0,1.7,77.0,4.0,0.2,0.15,0.88,True,2026-05-04T08:32:40Z
062208,西梅,水果,核果类,水果类及其制品,42.0,,0.7,10.3,0.0,8.0,0.01,,1.4,0.18,,155.0,11.0,0.04,0.11,0.76,True,2026-05-04T08:32:40Z
062309,酒枣,水果,核果类,水果类及其制品,148.0,1.6,1.4,,0.0,,0.04,,0.0,,,444.0,75.0,0.43,1.15,0.91,True,2026-05-04T08:32:40Z
062901,酸枣,水果,核果类,水果类及其制品,300.0,3.5,73.3,1.5,10.6,,0.01,0.02,900.0,,3.8,84.0,435.0,6.6,0.68,0.52,True,2026-05-04T08:32:40Z
062106,金红桃,水果,核果类,水果类及其制品,28.0,0.7,6.6,0.1,1.0,,,0.03,9.0,,,,,,,0.88,True,2026-05-04T08:32:40Z
062103,高山白桃,水果,核果类,水果类及其制品,42.0,0.7,10.1,0.2,1.3,2.0,0.04,0.01,10.0,1.05,0.7,169.0,7.0,0.8,0.13,0.69,True,2026-05-04T08:32:40Z
062308,黑枣 (有核),水果,核果类,水果类及其制品,246.0,,9.2,61.4,0.0,,0.09,,6.0,1.24,,,42.0,1.71,0.23,0.59,True,2026-05-04T08:32:40Z
062307,黑枣(无核)(乌枣),水果,核果类,水果类及其制品,234.0,1.7,2.6,,0.0,40.0,0.0,,0.0,1.88,,478.0,108.0,0.44,0.53,0.98,True,2026-05-04T08:32:40Z
063909,中华猕猴桃(毛叶猕猴桃),水果,浆果类,水果类及其制品,61.0,0.8,14.5,0.6,2.6,11.0,0.05,0.02,62.0,2.43,10.0,144.0,27.0,1.2,0.57,0.83,True,2026-05-04T08:32:40Z
063908,无花果,水果,浆果类,水果类及其制品,65.0,1.5,16.0,0.1,3.0,3.0,0.03,0.02,2.0,1.82,5.5,212.0,67.0,0.1,1.42,1.0,False,2026-05-04T08:32:40Z
063912,无花果 (干),水果,浆果类,水果类及其制品,361.0,3.6,77.8,4.3,,1.0,0.13,0.07,5.2,,10.0,898.0,363.0,4.5,0.8,1.0,False,2026-05-04T08:32:40Z
063301,柿,水果,浆果类,水果类及其制品,74.0,0.4,18.5,0.1,1.4,10.0,0.02,0.02,30.0,1.12,,151.0,9.0,0.08,0.24,0.87,True,2026-05-04T08:32:40Z
063304,柿饼,水果,浆果类,水果类及其制品,255.0,1.8,62.8,0.2,2.6,24.0,0.01,0.0,0.0,0.63,21.0,6.4,54.0,0.23,0.83,0.97,True,2026-05-04T08:32:40Z
063901x,桑葚(代表值),水果,浆果类,水果类及其制品,57.0,1.7,13.8,0.4,4.1,3.0,0.02,0.06,,9.87,,,37.0,0.26,5.65,1.0,False,2026-05-04T08:32:40Z
063904,桑葚(干),水果,浆果类,水果类及其制品,298.0,21.1,54.2,6.1,29.3,,0.35,0.61,7.0,32.68,28.1,159.0,622.0,,6.15,1.0,False,2026-05-04T08:32:40Z
063902,桑葚(白),水果,浆果类,水果类及其制品,60.0,1.8,14.9,0.3,4.9,3.0,0.02,0.06,,6.95,2.0,33.0,43.0,0.27,4.8,1.0,False,2026-05-04T08:32:40Z
063903,桑葚(红),水果,浆果类,水果类及其制品,55.0,1.6,,,3.3,2.0,0.0,0.05,,12.78,1.9,32.0,30.0,0.3,0.25,1.0,False,2026-05-04T08:32:40Z
063907,沙棘,水果,浆果类,水果类及其制品,120.0,0.9,25.5,1.8,0.8,320.0,0.05,0.21,204.0,0.01,28.0,359.0,104.0,8.8,1.16,0.87,True,2026-05-04T08:32:40Z
063202,石榴 (红粉皮),水果,浆果类,水果类及其制品,74.0,1.3,19.4,0.1,4.9,,0.05,0.03,13.0,3.72,,218.0,16.0,0.19,,0.57,True,2026-05-04T08:32:40Z
063204,石榴 (青皮),水果,浆果类,水果类及其制品,71.0,1.2,18.5,0.2,4.9,,0.05,0.03,8.0,4.53,,243.0,6.0,0.18,,0.55,True,2026-05-04T08:32:40Z
063201x,石榴(代表值),水果,浆果类,水果类及其制品,72.0,1.3,18.5,0.2,4.9,,0.05,0.03,8.0,3.72,,231.0,6.0,0.19,,0.57,True,2026-05-04T08:32:40Z
063203,石榴(玛瑙),水果,浆果类,水果类及其制品,72.0,1.6,18.4,0.2,4.7,,0.05,0.03,5.0,2.28,,,6.0,0.2,,0.6,True,2026-05-04T08:32:40Z
063303,磨盘柿,水果,浆果类,水果类及其制品,79.0,0.7,19.6,0.1,1.5,8.0,0.01,,10.0,1.33,,135.0,5.0,0.2,0.31,0.98,True,2026-05-04T08:32:40Z
063106,紫葡萄,水果,浆果类,水果类及其制品,45.0,0.7,10.3,0.3,1.0,5.0,0.03,0.01,3.0,,,151.0,10.0,0.33,0.07,0.88,True,2026-05-04T08:32:40Z
063911,红提子葡萄,水果,浆果类,水果类及其制品,54.0,0.4,13.1,0.2,0.0,1.0,0.02,0.01,0.0,0.34,,186.0,2.0,0.06,0.08,0.86,True,2026-05-04T08:32:40Z
063102,红玫瑰葡萄,水果,浆果类,水果类及其制品,42.0,0.4,10.7,0.2,2.2,,0.03,0.02,5.0,1.66,8.0,1.5,17.0,0.17,0.0,0.96,True,2026-05-04T08:32:40Z
063910,草莓(洋莓，凤阳草莓),水果,浆果类,水果类及其制品,32.0,1.0,7.1,0.2,1.1,3.0,0.02,0.03,47.0,0.71,4.2,131.0,18.0,1.8,0.14,0.97,True,2026-05-04T08:32:40Z
063302,荷柿,水果,浆果类,水果类及其制品,65.0,0.6,17.1,0.2,3.8,34.0,0.03,0.04,11.0,2.95,,109.0,9.0,0.18,0.12,0.98,True,2026-05-04T08:32:40Z
063103,葡萄 (巨峰),水果,浆果类,水果类及其制品,51.0,0.4,12.0,0.2,0.4,3.0,0.03,0.01,4.0,0.34,2.0,128.0,7.0,0.14,0.5,0.84,True,2026-05-04T08:32:40Z
063105,葡萄 (玫瑰香),水果,浆果类,水果类及其制品,52.0,0.4,12.1,0.4,1.0,2.0,0.02,0.02,4.0,0.86,2.4,126.0,8.0,0.03,0.11,0.86,True,2026-05-04T08:32:40Z
063101x,葡萄(代表值),水果,浆果类,水果类及其制品,45.0,0.4,10.3,0.3,1.0,3.0,0.03,0.02,4.0,0.86,1.9,127.0,9.0,,0.11,0.86,True,2026-05-04T08:32:40Z
063104,葡萄(马奶子),水果,浆果类,水果类及其制品,41.0,0.5,9.1,0.4,0.4,4.0,0.0,0.03,,,,,,,,0.84,True,2026-05-04T08:32:40Z
063107,葡萄干,水果,浆果类,水果类及其制品,344.0,2.5,83.4,0.4,1.6,,0.09,,5.0,,45.0,,52.0,0.18,2.74,1.0,False,2026-05-04T08:32:40Z
063905,醋栗(灯笼果),水果,浆果类,水果类及其制品,46.0,0.9,10.2,0.6,1.9,,0.04,0.03,28.0,,,198.0,25.0,0.3,0.12,1.0,False,2026-05-04T08:32:40Z
063906,黑醋栗(黑加仑),水果,浆果类,水果类及其制品,66.0,1.4,15.4,0.4,2.4,,0.05,0.05,181.0,,2.0,322.0,55.0,1.5,0.27,1.0,False,2026-05-04T08:32:40Z
065013,人参果,水果,热带亚热带水果,水果类及其制品,86.0,0.6,21.2,0.7,3.5,4.0,0.0,0.25,12.0,,,100.0,13.0,0.09,1.86,0.88,True,2026-05-04T08:32:40Z
065020,余柑子(油柑子),水果,热带亚热带水果,水果类及其制品,45.0,0.3,12.4,0.1,3.4,4.0,,0.01,62.0,,,15.0,6.0,0.1,1.13,0.8,True,2026-05-04T08:32:40Z
065004,刺梨(茨梨，木梨子),水果,热带亚热带水果,水果类及其制品,63.0,0.7,16.9,0.1,4.1,242.0,0.05,0.03,2585.0,,,,68.0,,,1.0,False,2026-05-04T08:32:40Z
065030,山竹,水果,热带亚热带水果,水果类及其制品,72.0,0.4,18.0,0.2,0.4,0.0,0.08,0.02,1.2,0.36,,48.0,11.0,0.06,0.54,0.25,True,2026-05-04T08:32:40Z
065012,木瓜(番木瓜),水果,热带亚热带水果,水果类及其制品,29.0,0.4,7.0,0.1,0.8,73.0,0.01,0.02,43.0,0.3,28.0,18.0,17.0,0.25,1.8,0.86,True,2026-05-04T08:32:40Z
065027,木瓜(番木瓜),水果,热带亚热带水果,水果类及其制品,30.0,0.6,7.2,0.0,0.5,,0.01,0.02,31.0,0.0,,182.0,22.0,0.12,0.37,0.89,True,2026-05-04T08:32:40Z
065016,杨桃,水果,热带亚热带水果,水果类及其制品,31.0,0.6,7.4,0.2,1.2,2.0,0.02,0.03,7.0,,,128.0,4.0,0.39,0.83,0.88,True,2026-05-04T08:32:40Z
065015,杨梅(树梅，山杨梅),水果,热带亚热带水果,水果类及其制品,30.0,0.8,6.7,0.2,1.0,3.0,0.01,0.05,9.0,0.81,,149.0,14.0,0.14,0.31,0.82,True,2026-05-04T08:32:40Z
065018,枇杷,水果,热带亚热带水果,水果类及其制品,41.0,0.8,9.3,0.2,0.8,,0.01,0.03,8.0,0.24,,122.0,17.0,0.21,0.72,0.62,True,2026-05-04T08:32:40Z
065006,桂圆,水果,热带亚热带水果,水果类及其制品,71.0,1.2,16.6,0.1,0.4,2.0,0.01,0.14,43.0,,,248.0,6.0,0.4,0.83,0.5,True,2026-05-04T08:32:40Z
065021,桂圆 (干),水果,热带亚热带水果,水果类及其制品,319.0,5.6,76.2,0.2,,,0.01,0.58,,,,891.0,8.0,0.61,0.19,0.34,True,2026-05-04T08:32:40Z
065007,桂圆(干),水果,热带亚热带水果,水果类及其制品,277.0,5.0,64.8,0.2,2.0,,,0.39,12.0,,,,38.0,0.55,12.4,0.37,True,2026-05-04T08:32:40Z
065008,桂圆肉,水果,热带亚热带水果,水果类及其制品,317.0,4.6,73.5,1.0,2.0,,0.04,1.03,27.0,,,129.0,,0.65,3.28,1.0,False,2026-05-04T08:32:40Z
065017,椰子,水果,热带亚热带水果,水果类及其制品,241.0,4.0,31.3,12.1,4.7,,0.01,0.01,6.0,,,475.0,2.0,0.92,,0.33,True,2026-05-04T08:32:40Z
065025,榴莲,水果,热带亚热带水果,水果类及其制品,150.0,2.6,28.3,3.3,1.7,2.0,0.2,0.13,2.8,2.28,,261.0,4.0,0.16,3.26,0.37,True,2026-05-04T08:32:40Z
065019,橄榄(白榄),水果,热带亚热带水果,水果类及其制品,57.0,0.8,15.1,0.2,4.0,11.0,0.01,0.01,3.0,,,23.0,49.0,0.25,0.35,0.8,True,2026-05-04T08:32:40Z
065023,火龙果(仙蜜果、红龙果),水果,热带亚热带水果,水果类及其制品,55.0,1.1,13.3,0.2,1.6,0.0,0.03,0.02,3.0,0.14,,20.0,7.0,0.29,0.03,0.69,True,2026-05-04T08:32:40Z
065005,番石榴(鸡矢果，番桃),水果,热带亚热带水果,水果类及其制品,53.0,1.1,14.2,0.4,5.9,,0.02,0.05,68.0,,3.3,235.0,13.0,0.21,1.62,0.97,True,2026-05-04T08:32:40Z
065022,红毛丹,水果,热带亚热带水果,水果类及其制品,82.0,1.0,,,0.5,0.0,0.01,0.04,35.0,0.0,2.3,13.0,11.0,0.24,0.11,0.79,True,2026-05-04T08:32:40Z
065026,芒果 (大头),水果,热带亚热带水果,水果类及其制品,52.0,0.5,12.9,0.1,1.1,173.0,0.03,0.01,14.0,,,153.0,7.0,0.14,0.25,0.68,True,2026-05-04T08:32:40Z
065011,芒果(抹猛果，望果),水果,热带亚热带水果,水果类及其制品,35.0,0.6,8.3,0.2,1.3,75.0,0.01,0.04,23.0,1.21,,138.0,,0.09,1.44,0.6,True,2026-05-04T08:32:40Z
065001,芭蕉(甘蕉，板蕉，牙蕉),水果,热带亚热带水果,水果类及其制品,115.0,1.2,28.9,0.1,3.1,,0.02,0.02,,,1.3,330.0,6.0,0.3,0.16,0.68,True,2026-05-04T08:32:40Z
065010,荔枝,水果,热带亚热带水果,水果类及其制品,71.0,0.9,16.6,0.2,0.5,1.0,0.1,0.04,41.0,,,151.0,2.0,0.17,0.14,0.73,True,2026-05-04T08:32:40Z
065024,荔枝 (干),水果,热带亚热带水果,水果类及其制品,328.0,4.5,77.4,1.2,,,0.0,0.32,,,,,12.0,0.01,,0.56,True,2026-05-04T08:32:40Z
065002,菠萝(凤梨，地菠萝),水果,热带亚热带水果,水果类及其制品,44.0,0.5,10.8,0.1,1.3,2.0,0.04,0.02,18.0,,,113.0,12.0,0.14,0.24,0.68,True,2026-05-04T08:32:40Z
065003,菠萝蜜(木菠萝),水果,热带亚热带水果,水果类及其制品,105.0,0.2,25.7,0.3,0.8,2.0,0.06,0.05,9.0,0.52,11.4,330.0,9.0,0.12,4.17,0.43,True,2026-05-04T08:32:40Z
065029,蒲桃(香果、水石榴),水果,热带亚热带水果,水果类及其制品,41.0,0.6,10.1,0.0,1.1,1.0,0.24,0.1,3.1,0.19,24.0,10.0,121.0,1.52,,0.69,True,2026-05-04T08:32:40Z
065028,酸木瓜,水果,热带亚热带水果,水果类及其制品,41.0,0.3,11.1,0.2,3.0,0.0,0.02,0.01,106.0,,,260.0,20.0,0.55,0.2,0.79,True,2026-05-04T08:32:40Z
065032,香蕉 (红皮),水果,热带亚热带水果,水果类及其制品,81.0,1.1,19.7,0.2,,3.0,0.01,0.02,5.7,0.19,34.0,3.1,9.0,0.07,0.06,0.67,True,2026-05-04T08:32:40Z
065033,香蕉(甘蕉),水果,热带亚热带水果,水果类及其制品,93.0,1.4,22.0,0.2,1.2,5.0,0.02,0.04,8.0,0.24,,256.0,7.0,0.18,0.87,0.59,True,2026-05-04T08:32:40Z
065031,香蕉(红皮),水果,热带亚热带水果,水果类及其制品,86.0,1.1,20.8,0.2,,3.0,0.02,0.02,4.9,0.2,,,9.0,0.04,0.07,0.7,True,2026-05-04T08:32:40Z
065009,黄皮果,水果,热带亚热带水果,水果类及其制品,39.0,1.6,9.9,0.2,4.3,,0.13,0.06,35.0,,,226.0,0.0,0.32,0.64,0.59,True,2026-05-04T08:32:40Z
066103,哈密瓜,水果,瓜果类,水果类及其制品,34.0,0.5,7.9,0.1,0.2,77.0,,0.01,12.0,,26.7,190.0,4.0,0.0,0.13,0.71,True,2026-05-04T08:32:40Z
066205,子瓜,水果,瓜果类,水果类及其制品,5.0,0.2,0.6,0.3,0.5,,,0.03,10.0,,,,,,,0.46,True,2026-05-04T08:32:40Z
066206,小西瓜(地雷瓜),水果,瓜果类,水果类及其制品,30.0,0.8,6.7,0.1,,5.0,0.02,0.02,2.0,0.0,9.0,4.8,,0.08,0.11,0.62,True,2026-05-04T08:32:40Z
066106,灵蜜瓜,水果,瓜果类,水果类及其制品,4.0,0.5,0.4,0.1,0.4,,0.0,0.04,0.0,,5.2,62.0,12.0,0.5,0.0,0.71,True,2026-05-04T08:32:40Z
066108,甜瓜(香瓜),水果,瓜果类,水果类及其制品,26.0,0.4,6.2,0.1,0.4,3.0,0.02,0.03,15.0,0.47,8.8,139.0,14.0,0.7,0.09,0.78,True,2026-05-04T08:32:40Z
066102,白兰瓜,水果,瓜果类,水果类及其制品,23.0,0.6,5.3,0.1,0.8,3.0,0.02,0.03,14.0,,,,24.0,0.9,,0.55,True,2026-05-04T08:32:40Z
066101,白金瓜,水果,瓜果类,水果类及其制品,25.0,0.4,6.2,,0.5,8.0,0.05,0.08,17.0,,1.6,182.0,12.0,0.4,0.26,0.7,True,2026-05-04T08:32:40Z
066202,西瓜 (京欣一号),水果,瓜果类,水果类及其制品,34.0,0.5,8.1,0.0,0.2,7.0,0.02,0.04,7.0,0.03,4.2,79.0,10.0,0.5,0.1,0.59,True,2026-05-04T08:32:40Z
066203,西瓜 (郑州三号),水果,瓜果类,水果类及其制品,26.0,0.6,5.7,0.1,0.2,18.0,0.02,0.04,4.0,0.13,10.0,2.4,4.0,0.07,0.1,0.59,True,2026-05-04T08:32:40Z
066201x,西瓜(代表值),水果,瓜果类,水果类及其制品,31.0,0.5,6.8,0.3,0.2,14.0,0.02,0.04,5.7,0.11,3.3,97.0,7.0,0.4,0.09,0.59,True,2026-05-04T08:32:40Z
066204,西瓜(忠于6号，黑皮),水果,瓜果类,水果类及其制品,32.0,0.5,6.5,0.5,0.1,19.0,0.01,0.03,6.0,0.16,22.0,,,,,0.64,True,2026-05-04T08:32:40Z
066105,金塔寺瓜,水果,瓜果类,水果类及其制品,10.0,0.6,2.0,0.1,0.7,,0.0,0.03,18.0,,,,,,,0.81,True,2026-05-04T08:32:40Z
066107,麻醉瓜,水果,瓜果类,水果类及其制品,17.0,0.7,3.6,0.1,0.4,,0.0,0.03,17.0,,,,,,,0.66,True,2026-05-04T08:32:40Z
066104,黄河蜜瓜,水果,瓜果类,水果类及其制品,11.0,0.4,4.0,0.0,3.2,15.0,0.02,0.01,15.0,,,,,,,0.56,True,2026-05-04T08:32:40Z
191001,牛油 (板油),油脂,动物油脂,动物油脂类,835.0,0.0,1.8,92.0,0.0,54.0,,,,,9.4,3.0,9.0,3.0,,1.0,False,2026-05-04T08:32:40Z
191002,牛油 (炼),油脂,动物油脂,动物油脂类,898.0,0.0,0.1,99.7,0.0,89.0,,0.03,,4.6,,,,,,1.0,False,2026-05-04T08:32:40Z
191006,猪油 (板油),油脂,动物油脂,动物油脂类,827.0,0.0,7.2,88.7,0.0,89.0,,,,21.83,138.5,14.0,0.0,1.0,2.1,1.0,False,2026-05-04T08:32:40Z
191007,猪油 (炼),油脂,动物油脂,动物油脂类,897.0,0.0,0.2,99.6,0.0,27.0,0.02,0.03,0.0,5.21,,,,,,1.0,False,2026-05-04T08:32:40Z
191004,羊油 (板油),油脂,动物油脂,动物油脂类,824.0,0.0,8.0,88.0,0.0,33.0,,,,1.08,13.2,12.0,0.0,1.0,1.0,1.0,False,2026-05-04T08:32:40Z
191005,羊油 (炼),油脂,动物油脂,动物油脂类,895.0,0.0,0.9,99.0,0.0,,,,,,,,,,,1.0,False,2026-05-04T08:32:40Z
191003,鸭油 (炼),油脂,动物油脂,动物油脂类,897.0,0.0,0.0,99.7,0.0,71.0,,,,,,,,,,1.0,False,2026-05-04T08:32:40Z
099003,乳鸽,肉类,其他,禽肉类及其制品,352.0,11.3,0.0,34.1,0.0,46.0,0.08,0.36,0.0,0.84,653.8,163.0,866.0,2.0,2.4,0.56,True,2026-05-04T08:32:40Z
099004,乳鸽 (红烧),肉类,其他,禽肉类及其制品,255.0,16.9,0.0,20.8,0.0,,0.04,0.36,,,1809.8,385.0,1614.0,8.8,6.33,0.82,True,2026-05-04T08:32:40Z
089004,兔肉,肉类,其他,畜肉类及其制品,102.0,19.7,0.9,2.2,0.0,26.0,0.11,0.1,0.0,0.42,45.1,284.0,12.0,2.0,1.3,1.0,False,2026-05-04T08:32:40Z
089005,兔肉 (野),肉类,其他,畜肉类及其制品,84.0,16.6,0.0,2.0,0.0,,0.21,,0.0,,88.3,371.0,23.0,7.4,7.81,1.0,False,2026-05-04T08:32:40Z
089001,狗肉,肉类,其他,畜肉类及其制品,116.0,16.8,,,0.0,12.0,,0.2,0.0,1.4,47.4,140.0,52.0,2.9,3.18,0.8,True,2026-05-04T08:32:40Z
089003,骆驼掌,肉类,其他,畜肉类及其制品,310.0,72.8,0.3,2.0,0.0,26.0,0.03,,0.0,,170.6,69.0,152.0,0.3,2.81,1.0,False,2026-05-04T08:32:40Z
089002,骆驼蹄,肉类,其他,畜肉类及其制品,116.0,25.6,0.2,1.4,0.0,9.0,,,0.0,,210.3,48.0,36.0,4.0,4.81,1.0,False,2026-05-04T08:32:40Z
099001,鸽,肉类,其他,禽肉类及其制品,201.0,16.5,1.7,14.2,0.0,53.0,0.06,0.2,0.0,0.99,63.6,334.0,30.0,3.8,0.82,0.42,True,2026-05-04T08:32:40Z
099002,鹤鹑,肉类,其他,禽肉类及其制品,110.0,20.2,0.2,3.1,0.0,40.0,0.04,0.32,0.0,0.44,48.4,204.0,48.0,2.3,1.19,0.58,True,2026-05-04T08:32:40Z
089006,鹿肉 (养殖梅花鹿),肉类,其他,畜肉类及其制品,92.0,19.7,0.3,1.3,0.0,0.0,0.05,0.24,0.0,0.0,32.7,196.0,4.0,2.3,2.23,1.0,False,2026-05-04T08:32:40Z
094202,火鸡盹,肉类,火鸡,禽肉类及其制品,91.0,18.9,3.2,0.3,0.0,0.0,0.02,0.08,,,24.0,57.0,108.0,2.62,16.3,1.0,False,2026-05-04T08:32:40Z
094201,火鸡肝,肉类,火鸡,禽肉类及其制品,143.0,20.0,3.1,5.6,0.0,0.0,0.06,1.21,,,18.0,128.6,225.0,1.74,36.0,1.0,False,2026-05-04T08:32:40Z
094102,火鸡胸脯肉,肉类,火鸡,禽肉类及其制品,103.0,22.4,2.8,0.2,0.0,0.0,0.04,0.03,0.0,0.35,93.7,227.0,39.0,1.1,0.52,1.0,False,2026-05-04T08:32:40Z
094301,火鸡腿 (熟),肉类,火鸡,禽肉类及其制品,100.0,16.7,6.6,0.7,0.0,0.0,0.02,0.14,,,16.0,1071.0,161.0,2.5,13.12,0.85,True,2026-05-04T08:32:40Z
082304,咖哩牛肉干,肉类,牛,畜肉类及其制品,326.0,45.9,29.5,2.7,0.0,86.0,0.01,0.27,,15.33,2075.0,576.0,65.0,18.3,7.6,1.0,False,2026-05-04T08:32:40Z
082302,煨牛肉 (罐头),肉类,牛,畜肉类及其制品,166.0,16.7,0.1,11.0,0.0,0.0,0.04,0.09,,1.22,609.4,95.0,66.0,2.7,4.5,1.0,False,2026-05-04T08:32:40Z
082202,牛大肠,肉类,牛,畜肉类及其制品,66.0,11.0,0.4,2.3,0.0,,0.03,0.08,,,28.0,55.0,12.0,2.0,1.05,1.0,False,2026-05-04T08:32:40Z
082209,牛心,肉类,牛,畜肉类及其制品,106.0,15.4,3.1,3.5,0.0,17.0,0.26,0.39,5.0,0.19,47.9,282.0,4.0,5.9,2.41,1.0,False,2026-05-04T08:32:40Z
082210,牛百叶 (黑),肉类,牛,畜肉类及其制品,70.0,13.2,0.0,1.9,0.0,0.0,0.02,0.15,,0.0,60.6,162.0,40.0,2.1,7.03,1.0,False,2026-05-04T08:32:40Z
082111,牛肉,肉类,牛,畜肉类及其制品,193.0,17.4,3.0,12.4,0.0,0.0,0.04,0.08,0.0,0.17,,,,0.7,4.65,1.0,False,2026-05-04T08:32:40Z
082107,牛肉 (前腱),肉类,牛,畜肉类及其制品,113.0,20.3,5.1,1.3,0.0,2.0,0.04,0.18,0.0,0.38,83.1,182.0,5.0,3.2,7.61,0.95,True,2026-05-04T08:32:40Z
082106,牛肉 (前腿),肉类,牛,畜肉类及其制品,105.0,19.2,2.9,1.8,0.0,3.0,0.04,0.16,0.0,0.67,69.9,176.0,5.0,2.8,4.5,1.0,False,2026-05-04T08:32:40Z
082104,牛肉 (后腱),肉类,牛,畜肉类及其制品,98.0,20.1,2.2,1.0,0.0,3.0,0.03,0.15,0.0,0.78,85.3,182.0,5.0,4.2,3.93,0.94,True,2026-05-04T08:32:40Z
082308,牛肉 (清香),肉类,牛,畜肉类及其制品,200.0,25.8,0.0,10.7,0.0,0.0,0.02,0.09,,0.32,935.0,217.0,5.0,2.6,8.08,1.0,False,2026-05-04T08:32:40Z
082102,牛肉 (肋条),肉类,牛,畜肉类及其制品,123.0,18.6,0.0,5.4,0.0,7.0,0.06,0.13,0.0,0.37,66.6,217.0,19.0,2.7,4.05,1.0,False,2026-05-04T08:32:40Z
082307,牛肉 (酱，五香),肉类,牛,畜肉类及其制品,229.0,33.2,0.0,10.7,0.0,0.0,0.02,0.12,,1.41,926.0,327.0,11.0,3.1,13.6,1.0,False,2026-05-04T08:32:40Z
082101x,牛肉(代表值，fat9g),肉类,牛,畜肉类及其制品,160.0,,,0.5,0.0,3.0,0.04,0.11,0.0,0.68,64.1,212.0,5.0,1.8,4.7,1.0,False,2026-05-04T08:32:40Z
082108x,牛肉(代表值，瘦，fat3g),肉类,牛,畜肉类及其制品,113.0,21.3,1.3,2.5,0.0,4.0,0.04,0.13,0.0,0.83,64.1,212.0,5.0,2.3,5.09,1.0,False,2026-05-04T08:32:40Z
082103,牛肉(后腿),肉类,牛,畜肉类及其制品,106.0,20.9,1.1,2.0,0.0,3.0,0.04,0.14,0.0,0.97,45.4,197.0,5.0,3.3,4.07,1.0,False,2026-05-04T08:32:40Z
082119,牛肉(小腿肉)(牛展、牛腱子),肉类,牛,畜肉类及其制品,122.0,23.0,0.0,3.3,0.0,0.0,0.03,0.13,0.0,0.0,83.1,182.0,5.0,0.3,5.07,1.0,False,2026-05-04T08:32:40Z
082118,牛肉(股内肉)(针扒、米龙、 黄瓜条),肉类,牛,畜肉类及其制品,119.0,22.8,0.4,2.9,0.0,0.0,0.04,0.08,0.0,0.0,37.8,275.0,2.0,1.0,4.81,1.0,False,2026-05-04T08:32:40Z
082114,牛肉(肩部肉)(肩肉),肉类,牛,畜肉类及其制品,342.0,14.1,0.0,31.7,0.0,1.0,0.02,0.06,0.0,0.19,,,,0.5,2.59,1.0,False,2026-05-04T08:32:40Z
082115,牛肉(胸部肉)(牛胸),肉类,牛,畜肉类及其制品,326.0,16.6,0.0,28.8,0.0,0.0,0.02,0.09,0.0,0.23,,,,0.7,4.55,1.0,False,2026-05-04T08:32:40Z
082116,牛肉(腹部肉)(牛腩),肉类,牛,畜肉类及其制品,332.0,17.1,0.0,29.3,0.0,0.0,0.02,0.06,0.0,0.0,,,,0.6,2.69,1.0,False,2026-05-04T08:32:40Z
082117,牛肉(膝圆肉)(和尚头),肉类,牛,畜肉类及其制品,106.0,22.4,0.1,1.8,0.0,0.0,0.04,0.1,0.0,0.0,43.5,316.0,1.0,1.2,4.82,1.0,False,2026-05-04T08:32:40Z
082113,牛肉(臀部肉)(紫盖、白板),肉类,牛,畜肉类及其制品,117.0,22.6,0.9,2.6,0.0,0.0,,0.09,0.0,0.0,40.2,325.0,2.0,1.4,5.48,1.0,False,2026-05-04T08:32:40Z
082105,牛肉(里脊肉)(牛柳),肉类,牛,畜肉类及其制品,107.0,22.2,2.4,0.9,0.0,4.0,0.05,0.15,0.0,0.8,75.1,140.0,3.0,4.4,6.92,1.0,False,2026-05-04T08:32:40Z
082112,牛肉(里脊肉)(牛柳),肉类,牛,畜肉类及其制品,134.0,22.3,0.0,5.0,0.0,0.0,,0.1,0.0,0.0,75.1,140.0,3.0,0.4,,1.0,False,2026-05-04T08:32:40Z
082303,牛肉干,肉类,牛,畜肉类及其制品,550.0,45.6,1.9,40.0,0.0,,0.06,0.26,,,412.4,510.0,43.0,,,1.0,False,2026-05-04T08:32:40Z
082311,牛肉干 (沙参牌),肉类,牛,畜肉类及其制品,327.0,40.1,33.6,3.6,0.0,,0.07,0.13,9.0,,1402.5,265.0,29.0,7.3,5.81,1.0,False,2026-05-04T08:32:40Z
082310,牛肉干 (长富牌),肉类,牛,畜肉类及其制品,342.0,41.8,32.2,5.1,0.0,0.0,0.29,0.14,,0.0,1529.0,112.0,34.0,10.0,5.51,1.0,False,2026-05-04T08:32:40Z
082305,牛肉松,肉类,牛,畜肉类及其制品,445.0,8.2,67.7,15.7,0.0,90.0,0.04,0.11,,18.24,1945.7,128.0,76.0,4.6,0.55,1.0,False,2026-05-04T08:32:40Z
082203,牛肚,肉类,牛,畜肉类及其制品,72.0,14.5,0.0,1.6,0.0,2.0,0.03,0.13,,0.51,60.6,162.0,40.0,1.8,2.31,1.0,False,2026-05-04T08:32:40Z
082205,牛肝,肉类,牛,畜肉类及其制品,139.0,19.8,6.2,3.9,0.0,20220.0,0.16,1.3,,0.13,45.0,185.0,4.0,6.6,5.01,1.0,False,2026-05-04T08:32:40Z
082204,牛肺,肉类,牛,畜肉类及其制品,95.0,16.5,1.5,2.5,0.0,12.0,0.04,0.21,,0.34,154.8,197.0,8.0,11.7,2.67,1.0,False,2026-05-04T08:32:40Z
082208,牛肾,肉类,牛,畜肉类及其制品,94.0,15.6,2.6,2.4,0.0,88.0,0.24,0.85,,0.19,180.8,190.0,8.0,9.4,2.17,0.89,True,2026-05-04T08:32:40Z
082206,牛脑,肉类,牛,畜肉类及其制品,149.0,12.5,0.1,11.0,0.0,,0.15,0.25,,,185.6,300.0,6.0,4.7,4.69,1.0,False,2026-05-04T08:32:40Z
082309,牛腱子 (香叶),肉类,牛,畜肉类及其制品,205.0,35.6,3.2,5.5,0.0,0.0,0.03,0.14,,0.37,880.4,229.0,9.0,6.0,8.82,1.0,False,2026-05-04T08:32:40Z
082207,牛舌,肉类,牛,畜肉类及其制品,196.0,17.0,2.0,13.3,0.0,8.0,0.1,0.16,,0.55,58.4,236.0,6.0,3.1,3.39,1.0,False,2026-05-04T08:32:40Z
082110,牛蹄筋 (泡发),肉类,牛,畜肉类及其制品,25.0,6.0,0.2,0.0,0.0,5.0,0.0,0.0,0.0,,81.0,1.0,6.0,2.3,0.73,1.0,False,2026-05-04T08:32:40Z
082306,牛蹄筋 (熟),肉类,牛,畜肉类及其制品,147.0,35.2,0.1,0.6,0.0,,,,,,99.3,48.0,13.0,1.7,0.99,1.0,False,2026-05-04T08:32:40Z
082109,牛蹄筋(生),肉类,牛,畜肉类及其制品,151.0,34.1,2.6,0.5,0.0,0.0,0.07,0.13,0.0,,153.6,23.0,5.0,3.2,0.81,1.0,False,2026-05-04T08:32:40Z
082201,牛鞭 (泡发),肉类,牛,畜肉类及其制品,117.0,27.2,0.0,0.9,0.0,,0.0,0.0,0.0,,32.0,4.0,10.0,3.0,1.05,1.0,False,2026-05-04T08:32:40Z
082120,特牛肉,肉类,牛,畜肉类及其制品,119.0,23.1,3.4,1.4,0.0,1.0,0.05,0.22,0.0,0.68,25.8,37.0,28.0,3.6,3.45,1.0,False,2026-05-04T08:32:40Z
082121,耗牛牛腱肉 (冻，鲜),肉类,牛,畜肉类及其制品,100.0,21.2,2.0,0.8,0.0,0.0,0.08,0.23,0.0,0.34,39.1,38.0,9.0,3.0,4.37,1.0,False,2026-05-04T08:32:40Z
082122,耗牛牛霖肉 (冻，鲜),肉类,牛,畜肉类及其制品,110.0,22.5,2.7,1.0,0.0,0.0,0.05,0.22,0.0,0.54,30.3,42.0,8.0,4.0,4.28,1.0,False,2026-05-04T08:32:40Z
082301,酱牛肉,肉类,牛,畜肉类及其制品,246.0,31.4,3.2,11.9,0.0,11.0,0.05,0.22,,1.25,869.2,148.0,20.0,4.0,7.12,1.0,False,2026-05-04T08:32:40Z
081428,三明治火腿,肉类,猪,畜肉类及其制品,115.0,12.5,6.1,4.5,0.0,0.0,0.14,0.09,,0.36,898.6,532.0,11.0,3.0,1.48,1.0,False,2026-05-04T08:32:40Z
081405,儿童肠,肉类,猪,畜肉类及其制品,290.0,13.1,15.3,19.6,0.0,,0.26,0.09,,1.11,998.2,218.0,12.0,3.2,2.41,1.0,False,2026-05-04T08:32:40Z
081429,午餐肉 (上海梅林牌),肉类,猪,畜肉类及其制品,320.0,9.0,3.3,30.1,0.0,0.0,0.09,0.09,,0.75,528.7,131.0,6.0,0.6,1.38,1.0,False,2026-05-04T08:32:40Z
081307,午餐肉 (北京),肉类,猪,畜肉类及其制品,229.0,9.4,12.0,15.9,0.0,0.0,0.24,0.05,,,981.9,146.0,57.0,0.8,1.39,1.0,False,2026-05-04T08:32:40Z
081418,午餐肚,肉类,猪,畜肉类及其制品,181.0,9.3,34.7,0.5,0.0,4.0,0.01,0.31,,0.32,294.4,57.0,36.0,4.7,2.36,1.0,False,2026-05-04T08:32:40Z
081417,午餐肠,肉类,猪,畜肉类及其制品,261.0,2.9,24.9,16.6,0.0,65.0,0.1,0.71,,0.18,552.8,102.0,2.0,4.7,2.24,1.0,False,2026-05-04T08:32:40Z
081306,卤猪杂,肉类,猪,畜肉类及其制品,186.0,24.6,11.0,4.8,0.0,,0.01,0.1,,,881.4,121.0,14.0,3.0,2.16,1.0,False,2026-05-04T08:32:40Z
081321,叉烧肉,肉类,猪,畜肉类及其制品,196.0,20.9,6.0,9.8,0.0,0.0,0.05,0.09,,0.97,726.4,100.0,5.0,3.6,8.5,1.0,False,2026-05-04T08:32:40Z
081308,咸肉,肉类,猪,畜肉类及其制品,390.0,16.5,0.0,36.0,0.0,20.0,0.77,0.21,,0.1,195.6,387.0,10.0,2.6,2.04,1.0,False,2026-05-04T08:32:40Z
081403,大肉肠,肉类,猪,畜肉类及其制品,273.0,12.0,4.6,22.9,0.0,0.0,0.24,0.06,,,1370.4,233.0,67.0,3.1,2.55,1.0,False,2026-05-04T08:32:40Z
081402,大腊肠,肉类,猪,畜肉类及其制品,267.0,12.9,8.6,20.1,0.0,0.0,0.67,0.07,,,1099.1,159.0,24.0,1.5,1.41,1.0,False,2026-05-04T08:32:40Z
081317,太仓肉松,肉类,猪,畜肉类及其制品,316.0,38.6,21.6,8.3,0.0,0.0,0.05,0.16,,0.41,1880.0,300.0,53.0,8.2,7.35,1.0,False,2026-05-04T08:32:40Z
081302,宫爆肉丁 (罐头),肉类,猪,畜肉类及其制品,353.0,17.7,8.4,27.6,0.0,31.0,0.37,0.11,,1.51,471.9,113.0,47.0,2.0,3.46,1.0,False,2026-05-04T08:32:40Z
081407,广东香肠,肉类,猪,畜肉类及其制品,433.0,18.0,6.4,37.3,0.0,0.0,0.42,0.07,,,1477.9,356.0,5.0,2.8,2.62,1.0,False,2026-05-04T08:32:40Z
081328,扒猪脸,肉类,猪,畜肉类及其制品,347.0,18.8,1.4,29.6,0.0,22.0,0.03,0.13,0.0,,392.7,75.0,15.0,1.4,1.45,1.0,False,2026-05-04T08:32:40Z
081419,方腿,肉类,猪,畜肉类及其制品,117.0,16.2,1.9,5.0,0.0,,,0.2,,0.15,424.5,222.0,1.0,3.0,2.63,1.0,False,2026-05-04T08:32:40Z
081411,松江肠,肉类,猪,畜肉类及其制品,402.0,12.3,28.5,26.5,0.0,10.0,0.2,0.1,,0.09,759.0,195.0,5.0,2.8,4.2,1.0,False,2026-05-04T08:32:40Z
081427,火腿 (宣威牌),肉类,猪,畜肉类及其制品,565.0,11.4,3.7,56.1,0.0,0.0,0.09,0.05,,,5557.5,330.0,171.0,41.2,4.43,1.0,False,2026-05-04T08:32:40Z
081420,火腿(fat27g),肉类,猪,畜肉类及其制品,330.0,16.0,4.9,27.4,0.0,46.0,,0.09,,0.8,1086.7,220.0,3.0,2.2,2.16,1.0,False,2026-05-04T08:32:40Z
081426,火腿(fat3g),肉类,猪,畜肉类及其制品,99.0,15.5,1.7,3.4,0.0,0.0,0.08,0.14,,0.48,1471.3,174.0,6.0,1.0,2.09,1.0,False,2026-05-04T08:32:40Z
081318,火腿心全精肉 (雪舫蒋牌),肉类,猪,畜肉类及其制品,322.0,37.0,0.0,19.3,0.0,0.0,0.2,0.35,,0.26,8612.0,836.0,22.0,5.0,9.48,1.0,False,2026-05-04T08:32:40Z
081319,火腿心肉 (生，金云牌),肉类,猪,畜肉类及其制品,528.0,22.2,0.0,48.8,0.0,0.0,0.18,0.26,,0.0,2268.2,367.0,15.0,2.1,1.87,0.81,True,2026-05-04T08:32:40Z
081330,火腿肉(藏香猪),肉类,猪,畜肉类及其制品,503.0,29.1,5.0,40.7,0.0,3.0,0.2,0.34,0.0,0.2,298.0,30.0,236.0,3.1,2.98,0.82,True,2026-05-04T08:32:40Z
081409,火腿肠,肉类,猪,畜肉类及其制品,212.0,14.0,15.6,10.4,0.0,5.0,0.26,0.43,,0.71,771.2,217.0,9.0,4.5,3.22,1.0,False,2026-05-04T08:32:40Z
081425,火腿肠 (双汇牌),肉类,猪,畜肉类及其制品,215.0,12.1,8.8,14.6,0.0,56.0,0.04,0.11,,0.65,1119.5,130.0,19.0,1.8,0.7,1.0,False,2026-05-04T08:32:40Z
081422,火腿肠 (圆腿),肉类,猪,畜肉类及其制品,139.0,18.4,1.6,6.5,0.0,1.0,0.61,0.13,,0.19,373.4,247.0,3.0,1.4,2.01,1.0,False,2026-05-04T08:32:40Z
081416,火腿肠 (小泥肠),肉类,猪,畜肉类及其制品,295.0,11.3,3.2,26.3,0.0,0.0,0.16,0.07,,,648.2,132.0,20.0,1.1,1.24,1.0,False,2026-05-04T08:32:40Z
081415,火腿肠(小红肠),肉类,猪,畜肉类及其制品,280.0,11.8,6.0,23.2,0.0,158.0,0.27,0.14,,0.17,682.2,183.0,10.0,2.2,2.11,1.0,False,2026-05-04T08:32:40Z
081424,热狗肠,肉类,猪,畜肉类及其制品,307.0,13.2,6.9,25.2,0.0,0.0,0.11,0.09,,0.74,861.9,613.0,10.0,3.2,1.36,1.0,False,2026-05-04T08:32:40Z
081114,猪大排,肉类,猪,畜肉类及其制品,264.0,18.3,1.7,20.4,0.0,12.0,0.8,0.15,0.0,0.11,44.5,274.0,8.0,0.8,1.72,0.68,True,2026-05-04T08:32:40Z
081113,猪大肠,肉类,猪,畜肉类及其制品,196.0,6.9,0.0,18.7,0.0,7.0,0.06,0.11,,0.5,116.3,44.0,10.0,1.0,0.98,1.0,False,2026-05-04T08:32:40Z
081118,猪头皮,肉类,猪,畜肉类及其制品,499.0,11.8,12.7,44.6,0.0,,0.1,0.05,0.0,0.15,72.4,62.0,13.0,1.7,1.18,1.0,False,2026-05-04T08:32:40Z
081131,猪小排 (杜长大猪),肉类,猪,畜肉类及其制品,295.0,16.8,0.0,25.3,0.0,7.0,0.31,0.26,0.0,0.46,17.0,,14.0,2.42,8.46,,False,2026-05-04T08:32:40Z
081132,猪小排 (良杂猪),肉类,猪,畜肉类及其制品,351.0,14.1,0.0,32.7,0.0,6.0,0.3,0.32,0.0,0.72,14.0,,36.0,2.2,5.94,0.61,True,2026-05-04T08:32:40Z
081210,猪小肠,肉类,猪,畜肉类及其制品,65.0,10.0,1.7,2.0,0.0,6.0,0.12,0.11,,0.13,16.0,,7.0,2.77,7.22,1.0,False,2026-05-04T08:32:40Z
081211,猪心,肉类,猪,畜肉类及其制品,119.0,16.6,1.1,5.3,0.0,13.0,0.19,0.48,4.0,0.74,17.0,,12.0,1.9,14.94,0.97,True,2026-05-04T08:32:40Z
081130,猪皮,肉类,猪,畜肉类及其制品,363.0,27.4,0.0,28.1,0.0,3.0,0.03,0.14,0.0,0.0,56.0,,13.0,0.67,4.68,,False,2026-05-04T08:32:40Z
081115,猪耳,肉类,猪,畜肉类及其制品,176.0,19.1,0.0,11.1,0.0,0.0,0.05,0.12,0.0,0.85,68.2,58.0,6.0,1.3,0.35,1.0,False,2026-05-04T08:32:40Z
081109,猪肉 (前肘),肉类,猪,畜肉类及其制品,287.0,17.3,2.9,22.9,0.0,16.0,0.28,0.13,0.0,0.58,122.3,137.0,5.0,3.5,2.07,0.77,True,2026-05-04T08:32:40Z
081122,猪肉 (前臀尖，良杂猪),肉类,猪,畜肉类及其制品,334.0,14.2,0.9,30.4,0.0,9.0,0.24,0.11,0.0,0.69,53.9,308.0,1.0,1.91,5.25,1.0,False,2026-05-04T08:32:40Z
081104,猪肉 (后肘),肉类,猪,畜肉类及其制品,320.0,17.0,0.0,28.0,0.0,8.0,0.37,0.18,0.0,0.48,76.8,188.0,6.0,1.0,1.77,0.73,True,2026-05-04T08:32:40Z
081103,猪肉 (后臀尖),肉类,猪,畜肉类及其制品,336.0,14.6,0.0,30.8,0.0,16.0,0.26,0.11,0.0,0.95,57.5,178.0,5.0,1.0,0.84,0.97,True,2026-05-04T08:32:40Z
081124,猪肉 (后臀尖，良杂猪),肉类,猪,畜肉类及其制品,175.0,20.0,0.0,10.5,0.0,0.0,0.45,0.1,0.0,0.34,21.0,47.9,1.0,2.29,6.36,,False,2026-05-04T08:32:40Z
081311,猪肉 (清蒸),肉类,猪,畜肉类及其制品,198.0,18.4,0.0,13.8,0.0,,0.09,0.07,0.0,,210.6,134.0,4.0,3.4,3.18,1.0,False,2026-05-04T08:32:40Z
081112,猪肉 (猪脖),肉类,猪,畜肉类及其制品,577.0,8.0,0.0,60.5,0.0,18.0,0.21,0.07,0.0,0.61,54.0,99.0,4.0,1.2,0.59,0.9,True,2026-05-04T08:32:40Z
081110,猪肉 (瘦),肉类,猪,畜肉类及其制品,143.0,20.3,1.5,6.2,0.0,44.0,0.54,0.1,0.0,0.34,57.5,305.0,6.0,3.0,2.99,1.0,False,2026-05-04T08:32:40Z
081125,猪肉 (硬肋，杜长大猪),肉类,猪,畜肉类及其制品,557.0,10.8,0.0,57.1,0.0,12.0,0.21,0.08,0.0,,17.0,54.0,3.0,1.23,5.26,,False,2026-05-04T08:32:40Z
081126,猪肉 (硬肋，良杂猪),肉类,猪,畜肉类及其制品,536.0,11.6,0.0,54.4,0.0,12.0,0.15,0.08,0.0,1.03,17.0,,1.0,1.33,5.31,,False,2026-05-04T08:32:40Z
081105,猪肉 (肋条肉),肉类,猪,畜肉类及其制品,568.0,9.3,0.0,59.0,0.0,10.0,0.09,0.04,0.0,0.05,80.0,214.0,6.0,1.0,1.61,0.96,True,2026-05-04T08:32:40Z
081127,猪肉 (通脊，杜长大猪),肉类,猪,畜肉类及其制品,159.0,22.3,0.0,7.8,0.0,0.0,0.28,0.1,0.0,0.22,17.0,54.0,2.0,1.54,8.13,,False,2026-05-04T08:32:40Z
081128,猪肉 (通脊，良杂猪),肉类,猪,畜肉类及其制品,140.0,20.7,0.0,6.4,0.0,0.0,0.2,0.08,0.0,0.15,23.0,,2.0,2.2,6.72,,False,2026-05-04T08:32:40Z
081129,猪肉 (里脊),肉类,猪,畜肉类及其制品,150.0,19.6,0.0,7.9,0.0,0.0,0.32,0.2,0.0,0.33,28.0,,6.0,2.01,8.32,,False,2026-05-04T08:32:40Z
081111x,猪肉(fat 12g),肉类,猪,畜肉类及其制品,181.0,19.0,0.2,11.7,0.0,3.0,0.49,0.17,0.0,0.18,55.5,315.0,4.0,0.9,2.24,1.0,False,2026-05-04T08:32:40Z
081101x,猪肉(代表值，fat30g),肉类,猪,畜肉类及其制品,331.0,15.1,0.0,30.1,0.0,15.0,0.3,0.13,0.0,0.67,56.8,218.0,6.0,1.3,1.78,0.91,True,2026-05-04T08:32:40Z
081121,猪肉(前臀尖，杜长大猪),肉类,猪,畜肉类及其制品,289.0,15.3,0.0,25.3,0.0,8.0,0.27,0.12,0.0,0.57,54.0,222.0,1.0,1.1,2.45,1.0,False,2026-05-04T08:32:40Z
081123,猪肉(后臀尖，杜长大猪),肉类,猪,畜肉类及其制品,165.0,20.8,0.0,9.1,0.0,0.0,0.31,0.13,0.0,,17.0,54.0,2.0,2.24,9.92,1.0,False,2026-05-04T08:32:40Z
081107,猪肉(奶脯)软五花、猪夹心),肉类,猪,畜肉类及其制品,349.0,7.7,0.0,35.3,0.0,39.0,0.14,0.06,0.0,0.49,36.7,53.0,5.0,0.8,0.73,0.85,True,2026-05-04T08:32:40Z
081108,猪肉(奶面)(硬五花),肉类,猪,畜肉类及其制品,339.0,13.6,2.2,30.6,0.0,10.0,0.36,0.15,0.0,0.2,52.0,168.0,6.0,1.3,2.2,0.79,True,2026-05-04T08:32:40Z
081110x,猪肉(瘦，fat g),肉类,猪,畜肉类及其制品,153.0,20.7,0.0,7.8,0.0,0.0,0.31,0.1,0.0,0.26,54.0,305.0,2.0,1.1,2.2,1.0,False,2026-05-04T08:32:40Z
081111,猪肉(腿),肉类,猪,畜肉类及其制品,190.0,17.9,0.8,12.8,0.0,3.0,0.53,0.24,0.0,0.3,63.0,295.0,6.0,0.9,2.18,1.0,False,2026-05-04T08:32:40Z
081323,猪肉罐头 (香糟块肉),肉类,猪,畜肉类及其制品,542.0,15.5,0.0,53.3,0.0,62.0,0.14,0.08,,0.46,747.8,103.0,30.0,5.4,2.12,1.0,False,2026-05-04T08:32:40Z
081309,"猪肉罐头(珍珠里脊丝,罐头)",肉类,猪,畜肉类及其制品,225.0,6.7,10.5,17.3,0.0,0.0,0.09,0.04,,0.67,572.3,136.0,34.0,1.4,1.11,1.0,False,2026-05-04T08:32:40Z
081325,猪肉脯,肉类,猪,畜肉类及其制品,378.0,28.0,46.6,8.8,0.0,84.0,0.22,0.27,,1.1,1638.2,381.0,17.0,3.9,3.08,1.0,False,2026-05-04T08:32:40Z
081120,猪肘棒,肉类,猪,畜肉类及其制品,248.0,16.5,9.4,16.0,0.0,0.0,0.1,0.09,0.0,,80.0,148.0,19.0,1.5,1.54,0.67,True,2026-05-04T08:32:40Z
081313,猪肘棒 (熟),肉类,猪,畜肉类及其制品,314.0,21.3,2.1,24.5,0.0,0.0,0.04,0.09,0.0,,753.9,106.0,55.0,1.6,2.66,0.72,True,2026-05-04T08:32:40Z
081202,猪肚,肉类,猪,畜肉类及其制品,110.0,15.2,0.7,5.1,0.0,3.0,0.07,0.16,,0.32,,171.0,11.0,1.92,12.76,0.96,True,2026-05-04T08:32:40Z
081213,猪肚,肉类,猪,畜肉类及其制品,97.0,14.1,2.2,3.5,0.0,2.0,0.1,0.22,,0.28,12.0,,11.0,1.93,11.68,1.0,False,2026-05-04T08:32:40Z
081214,猪肝,肉类,猪,畜肉类及其制品,126.0,19.2,1.8,4.7,0.0,6502.0,0.22,2.02,20.0,0.0,24.0,68.6,6.0,3.68,26.12,1.0,False,2026-05-04T08:32:40Z
081310,猪肝 (卤煮),肉类,猪,畜肉类及其制品,203.0,26.4,5.6,8.3,0.0,4200.0,0.36,0.42,,0.14,674.7,188.0,68.0,2.0,0.35,1.0,False,2026-05-04T08:32:40Z
081102,猪肥肉(肥，fat 89g),肉类,猪,畜肉类及其制品,807.0,2.4,0.0,88.6,0.0,29.0,0.08,0.05,0.0,0.24,19.5,23.0,3.0,1.0,0.69,1.0,False,2026-05-04T08:32:40Z
081203,猪肺,肉类,猪,畜肉类及其制品,84.0,12.2,0.1,3.9,0.0,10.0,0.04,0.18,,0.45,,210.0,6.0,1.21,10.77,0.97,True,2026-05-04T08:32:40Z
081209,猪肾(fat 8g)(猪腰子),肉类,猪,畜肉类及其制品,137.0,16.0,0.0,8.1,0.0,46.0,0.29,0.69,7.0,0.33,16.0,,2.0,1.98,156.77,0.92,True,2026-05-04T08:32:40Z
081216,猪肾(fat2g)(猪腰子),肉类,猪,畜肉类及其制品,82.0,15.8,0.6,1.8,0.0,39.0,0.19,1.18,10.0,0.0,22.0,134.2,12.0,3.15,157.24,1.0,False,2026-05-04T08:32:40Z
081205,猪脑,肉类,猪,畜肉类及其制品,131.0,10.8,0.0,9.8,0.0,0.0,0.11,0.19,,0.96,10.0,,30.0,0.99,12.65,1.0,False,2026-05-04T08:32:40Z
081206,猪脾,肉类,猪,畜肉类及其制品,94.0,13.2,3.1,3.2,0.0,0.0,0.09,0.26,,0.33,14.0,,1.0,1.44,16.5,1.0,False,2026-05-04T08:32:40Z
081133,猪腿肉 (藏香猪),肉类,猪,畜肉类及其制品,268.0,17.5,6.3,19.2,0.0,6.0,0.19,0.22,0.0,0.47,,30.0,15.0,1.9,0.8,1.0,False,2026-05-04T08:32:40Z
081215,猪舌(口条),肉类,猪,畜肉类及其制品,184.0,18.1,0.0,12.4,0.0,0.0,0.27,0.41,0.0,0.0,14.0,79.4,13.0,2.89,13.94,1.0,False,2026-05-04T08:32:40Z
081212,猪血,肉类,猪,畜肉类及其制品,55.0,12.2,0.9,0.3,0.0,,0.03,0.04,,0.2,5.0,,4.0,0.28,7.94,1.0,False,2026-05-04T08:32:40Z
081116,猪蹄,肉类,猪,畜肉类及其制品,260.0,22.6,0.0,18.8,0.0,3.0,0.05,0.1,0.0,0.01,101.0,54.0,33.0,1.1,1.14,0.6,True,2026-05-04T08:32:40Z
081312,猪蹄 (熟),肉类,猪,畜肉类及其制品,260.0,23.6,3.2,17.0,0.0,0.0,0.13,0.04,0.0,,363.2,18.0,32.0,2.4,0.78,0.43,True,2026-05-04T08:32:40Z
081117,猪蹄筋,肉类,猪,畜肉类及其制品,156.0,35.3,0.5,1.4,0.0,0.0,0.01,0.09,0.0,0.1,178.0,46.0,15.0,2.2,2.3,1.0,False,2026-05-04T08:32:40Z
081324,猪里脊 (熏烤小里脊),肉类,猪,畜肉类及其制品,153.0,17.7,11.8,3.9,0.0,0.0,0.34,0.18,,0.45,814.2,718.0,6.0,6.7,4.1,1.0,False,2026-05-04T08:32:40Z
081315,福建式肉松,肉类,猪,畜肉类及其制品,493.0,25.1,39.7,26.0,0.0,0.0,0.03,0.19,,0.78,1419.9,264.0,3.0,7.7,2.89,1.0,False,2026-05-04T08:32:40Z
081408,红果肠,肉类,猪,畜肉类及其制品,260.0,10.2,20.3,15.3,0.0,0.0,0.05,0.11,,0.41,781.3,145.0,22.0,4.7,1.06,1.0,False,2026-05-04T08:32:40Z
081316,老年保健肉松,肉类,猪,畜肉类及其制品,458.0,35.8,32.5,20.5,0.0,,0.17,0.19,,15.09,2301.7,451.0,33.0,3.0,3.83,1.0,False,2026-05-04T08:32:40Z
081326,肉酥,肉类,猪,畜肉类及其制品,509.0,30.7,35.5,27.1,0.0,0.0,0.09,0.15,0.0,4.47,1540.7,278.0,11.0,3.7,4.38,1.0,False,2026-05-04T08:32:40Z
081423,脆皮肠,肉类,猪,畜肉类及其制品,302.0,16.6,4.8,24.0,0.0,3.0,0.09,0.08,,0.54,992.7,542.0,13.0,3.9,2.24,1.0,False,2026-05-04T08:32:40Z
081304,腊肉 (培根),肉类,猪,畜肉类及其制品,181.0,22.3,2.6,9.0,0.0,0.0,0.9,0.11,0.0,0.11,51.2,294.0,2.0,2.4,2.26,1.0,False,2026-05-04T08:32:40Z
081305,腊肉(生，fat49g),肉类,猪,畜肉类及其制品,498.0,11.8,2.9,48.8,0.0,96.0,,,0.0,6.23,763.9,416.0,22.0,7.5,3.49,1.0,False,2026-05-04T08:32:40Z
081320,腊肉(生，fat68g),肉类,猪,畜肉类及其制品,692.0,18.2,1.8,68.0,0.0,0.0,0.23,0.16,0.0,0.0,763.9,416.0,293.0,0.1,0.06,1.0,False,2026-05-04T08:32:40Z
081410,腊肠,肉类,猪,畜肉类及其制品,584.0,22.0,15.3,48.3,0.0,0.0,0.04,0.12,,,1420.0,100.0,24.0,3.2,2.48,1.0,False,2026-05-04T08:32:40Z
081401,茶肠,肉类,猪,畜肉类及其制品,329.0,9.0,6.7,29.6,0.0,,0.14,0.08,,0.21,723.2,178.0,2.0,2.1,2.85,1.0,False,2026-05-04T08:32:40Z
081412,蒜肠,肉类,猪,畜肉类及其制品,309.0,7.5,12.7,25.4,0.0,5.0,0.06,0.15,,0.27,561.5,92.0,13.0,1.9,1.8,1.0,False,2026-05-04T08:32:40Z
081404,蛋清肠,肉类,猪,畜肉类及其制品,278.0,12.5,5.8,22.8,0.0,20.0,0.65,0.06,,,1143.2,161.0,26.0,2.2,1.27,1.0,False,2026-05-04T08:32:40Z
081322,酱排骨,肉类,猪,畜肉类及其制品,366.0,21.7,9.6,26.7,0.0,72.0,0.03,0.12,,0.62,825.5,226.0,10.0,2.4,3.43,0.8,True,2026-05-04T08:32:40Z
081303,酱汁肉,肉类,猪,畜肉类及其制品,549.0,15.5,8.4,50.4,0.0,4.0,0.07,0.14,,0.49,257.4,110.0,9.0,1.5,2.89,0.96,True,2026-05-04T08:32:40Z
081329,酱肘子,肉类,猪,畜肉类及其制品,202.0,29.6,1.8,8.5,0.0,0.0,0.17,0.18,0.0,0.74,197.0,57.0,15.0,1.9,4.07,1.0,False,2026-05-04T08:32:40Z
081421,金华火腿,肉类,猪,畜肉类及其制品,318.0,16.4,0.1,28.0,0.0,20.0,0.51,0.18,,0.18,233.4,389.0,9.0,2.1,2.26,1.0,False,2026-05-04T08:32:40Z
081331,风干肉 (藏香猪),肉类,猪,畜肉类及其制品,598.0,27.1,1.7,53.6,0.0,0.0,0.23,0.29,0.0,0.16,921.0,26.0,207.0,3.0,2.72,0.87,True,2026-05-04T08:32:40Z
081406,风干肠,肉类,猪,畜肉类及其制品,283.0,12.4,5.9,23.3,0.0,0.0,0.12,0.09,,,618.0,163.0,18.0,3.5,1.4,1.0,False,2026-05-04T08:32:40Z
081413,香肠,肉类,猪,畜肉类及其制品,508.0,24.1,11.2,40.7,0.0,0.0,0.48,0.11,,1.05,2309.2,453.0,14.0,5.8,7.61,1.0,False,2026-05-04T08:32:40Z
081414,香肠 (罐头),肉类,猪,畜肉类及其制品,290.0,7.9,1.3,28.1,0.0,0.0,0.23,0.18,,0.85,874.3,70.0,6.0,0.6,1.03,1.0,False,2026-05-04T08:32:40Z
083110,山羊肉 (生),肉类,羊,畜肉类及其制品,293.0,8.7,9.4,24.5,0.0,8.0,0.06,0.12,0.0,,160.6,744.0,135.0,13.7,10.42,1.0,False,2026-05-04T08:32:40Z
083308,山羊肉 (酱),肉类,羊,畜肉类及其制品,272.0,25.4,11.8,13.7,0.0,,0.07,0.06,,1.28,937.8,134.0,43.0,4.1,3.79,1.0,False,2026-05-04T08:32:40Z
083309,烧羊肉 (五香),肉类,羊,畜肉类及其制品,183.0,33.6,0.0,5.4,0.0,0.0,0.03,0.16,,1.62,759.1,213.0,11.0,3.0,8.26,1.0,False,2026-05-04T08:32:40Z
083201,羊大肠,肉类,羊,畜肉类及其制品,75.0,13.4,0.0,2.4,0.0,,,0.14,,,79.0,117.0,25.0,1.9,2.5,1.0,False,2026-05-04T08:32:40Z
083208,羊心,肉类,羊,畜肉类及其制品,113.0,13.8,2.0,5.5,0.0,16.0,0.28,0.4,,1.75,100.8,200.0,10.0,4.0,2.09,1.0,False,2026-05-04T08:32:40Z
083102,羊肉 (冻),肉类,羊,畜肉类及其制品,285.0,12.6,3.8,24.4,0.0,,0.02,0.12,0.0,,122.2,587.0,17.0,5.2,7.67,1.0,False,2026-05-04T08:32:40Z
083116,羊肉 (后腿),肉类,羊,畜肉类及其制品,111.0,20.6,0.0,3.2,0.0,5.0,0.06,0.14,0.0,0.58,93.8,352.0,3.0,4.0,3.07,1.0,False,2026-05-04T08:32:40Z
083302,羊肉 (熟),肉类,羊,畜肉类及其制品,217.0,23.2,0.0,13.8,0.0,18.0,0.01,0.2,0.0,0.33,408.0,239.0,13.0,1.9,2.14,1.0,False,2026-05-04T08:32:40Z
083114,羊肉 (腰窝),肉类,羊,畜肉类及其制品,135.0,18.9,0.0,6.6,0.0,6.0,,0.14,0.0,0.46,109.2,372.0,3.0,1.8,2.88,1.0,False,2026-05-04T08:32:40Z
083105,羊肉 (里脊),肉类,羊,畜肉类及其制品,103.0,20.5,1.6,1.6,0.0,5.0,0.06,0.2,0.0,0.52,74.4,161.0,8.0,2.8,1.98,1.0,False,2026-05-04T08:32:40Z
083107,羊肉 (青羊),肉类,羊,畜肉类及其制品,99.0,21.3,1.0,1.1,0.0,0.0,0.08,0.14,0.0,,41.7,151.0,9.0,4.5,0.94,1.0,False,2026-05-04T08:32:40Z
083104,羊肉 (颈),肉类,羊,畜肉类及其制品,135.0,21.3,2.2,4.6,0.0,6.0,0.06,0.21,0.0,0.43,75.2,208.0,8.0,2.9,2.58,0.74,True,2026-05-04T08:32:40Z
083108,羊肉(fat4g),肉类,羊,畜肉类及其制品,118.0,20.5,0.2,3.9,0.0,11.0,0.15,0.16,0.0,0.31,69.4,403.0,9.0,3.9,6.06,0.9,True,2026-05-04T08:32:40Z
083113,羊肉(上脑),肉类,羊,畜肉类及其制品,94.0,19.0,0.0,2.0,0.0,3.0,0.06,0.14,0.0,0.44,106.6,359.0,3.0,2.4,2.68,1.0,False,2026-05-04T08:32:40Z
083101x,羊肉(代表值，fat7g),肉类,羊,畜肉类及其制品,139.0,18.5,1.6,6.5,0.0,8.0,0.07,0.16,0.0,0.48,89.9,300.0,16.0,3.9,3.52,1.0,False,2026-05-04T08:32:40Z
083115,羊肉(前腿),肉类,羊,畜肉类及其制品,97.0,19.8,0.0,2.0,0.0,3.0,0.12,0.15,0.0,0.63,92.8,338.0,3.0,3.0,2.22,1.0,False,2026-05-04T08:32:40Z
083106,羊肉(前腿，fat3g),肉类,羊,畜肉类及其制品,110.0,18.6,1.6,3.2,0.0,10.0,0.07,0.21,0.0,0.5,74.4,108.0,7.0,2.4,2.21,0.71,True,2026-05-04T08:32:40Z
083103,羊肉(后腿，带骨),肉类,羊,畜肉类及其制品,110.0,19.5,0.3,3.4,0.0,8.0,0.05,0.19,0.0,0.34,60.0,143.0,6.0,2.7,2.18,0.77,True,2026-05-04T08:32:40Z
083307,羊肉(羊肉手抓),肉类,羊,畜肉类及其制品,188.0,27.3,0.0,8.8,0.0,10.0,0.03,0.09,,0.52,226.2,178.0,3.0,1.8,2.72,0.7,True,2026-05-04T08:32:40Z
083109,羊肉(胸脯),肉类,羊,畜肉类及其制品,133.0,19.4,0.0,6.2,0.0,11.0,0.04,0.18,0.0,0.45,86.6,170.0,7.0,3.0,2.2,0.81,True,2026-05-04T08:32:40Z
083305,羊肉串 (炸),肉类,羊,畜肉类及其制品,217.0,18.3,10.0,11.5,0.0,40.0,0.04,0.41,,6.56,580.8,297.0,38.0,4.2,3.84,1.0,False,2026-05-04T08:32:40Z
083304,羊肉串 (烤),肉类,羊,畜肉类及其制品,206.0,26.0,2.4,10.3,0.0,52.0,0.04,0.15,,1.44,484.8,205.0,4.0,8.5,2.28,1.0,False,2026-05-04T08:32:40Z
083310,羊肉串 (生),肉类,羊,畜肉类及其制品,118.0,13.0,5.6,4.8,0.0,146.0,0.07,0.17,,0.61,616.2,278.0,17.0,2.5,2.26,1.0,False,2026-05-04T08:32:40Z
083303,羊肉串 (电烤),肉类,羊,畜肉类及其制品,234.0,26.4,6.0,11.6,0.0,42.0,0.03,0.32,,1.8,796.3,430.0,52.0,6.7,4.94,1.0,False,2026-05-04T08:32:40Z
083306,羊肉干,肉类,羊,畜肉类及其制品,588.0,28.2,13.7,46.7,0.0,,0.14,0.26,0.0,,184.0,520.0,77.0,10.1,6.19,1.0,False,2026-05-04T08:32:40Z
083117,羊肉片,肉类,羊,畜肉类及其制品,118.0,18.0,2.4,4.0,0.0,16.0,,,0.0,0.53,92.0,108.0,12.0,2.3,2.14,1.0,False,2026-05-04T08:32:40Z
083202,羊肚,肉类,羊,畜肉类及其制品,87.0,12.2,1.8,3.4,0.0,23.0,0.03,0.17,,0.33,66.0,101.0,38.0,1.4,2.61,1.0,False,2026-05-04T08:32:40Z
083204,羊肝,肉类,羊,畜肉类及其制品,134.0,17.9,7.4,3.6,0.0,20972.0,0.21,1.75,,29.93,123.0,241.0,8.0,7.5,3.45,1.0,False,2026-05-04T08:32:40Z
083203,羊肺,肉类,羊,畜肉类及其制品,96.0,16.2,2.5,2.4,0.0,0.0,0.05,0.14,,1.43,146.2,139.0,12.0,7.8,1.81,1.0,False,2026-05-04T08:32:40Z
083207,羊肾,肉类,羊,畜肉类及其制品,96.0,16.6,1.0,2.8,0.0,126.0,0.35,2.01,,0.13,193.3,115.0,8.0,5.8,2.74,0.95,True,2026-05-04T08:32:40Z
083205,羊脑,肉类,羊,畜肉类及其制品,142.0,11.3,0.1,10.7,0.0,,0.17,0.27,,,151.8,146.0,61.0,,1.24,1.0,False,2026-05-04T08:32:40Z
083206,羊舌,肉类,羊,畜肉类及其制品,225.0,19.4,4.8,14.2,0.0,,,0.23,,,,,,,,1.0,False,2026-05-04T08:32:40Z
083209,羊血,肉类,羊,畜肉类及其制品,57.0,6.8,6.9,0.2,0.0,,0.04,0.09,,,443.4,6.0,22.0,18.3,0.67,1.0,False,2026-05-04T08:32:40Z
083112,羊蹄筋 (泡发),肉类,羊,畜肉类及其制品,41.0,8.4,1.9,0.0,0.0,4.0,0.0,0.04,0.0,0.44,48.8,1.0,14.0,2.5,0.69,1.0,False,2026-05-04T08:32:40Z
083111,羊蹄筋 (生),肉类,羊,畜肉类及其制品,159.0,34.3,0.0,2.4,0.0,,0.0,0.1,0.0,,149.7,74.0,16.0,3.1,1.64,1.0,False,2026-05-04T08:32:40Z
083301,腊羊肉,肉类,羊,畜肉类及其制品,246.0,26.1,11.5,10.6,0.0,,0.03,0.5,0.0,7.26,8991.6,310.0,14.0,6.6,9.95,1.0,False,2026-05-04T08:32:40Z
085201,马心,肉类,马,畜肉类及其制品,104.0,18.9,1.0,2.7,0.0,32.0,,0.29,0.0,1.99,27.0,66.2,240.0,4.93,15.03,1.0,False,2026-05-04T08:32:40Z
085101,马肉,肉类,马,畜肉类及其制品,122.0,20.1,0.1,4.6,0.0,28.0,,0.25,0.0,1.42,5.1,,367.0,3.73,0.15,1.0,False,2026-05-04T08:32:40Z
085301,马肉 (卤),肉类,马,畜肉类及其制品,170.0,30.5,1.2,4.8,0.0,17.0,0.01,0.27,,0.24,22.0,236.9,193.0,2.65,2.65,1.0,False,2026-05-04T08:32:40Z
084304,驴肉 (五香),肉类,驴,畜肉类及其制品,167.0,28.2,0.0,6.0,0.0,79.0,0.01,0.16,,0.83,877.2,201.0,5.0,5.8,7.8,1.0,False,2026-05-04T08:32:40Z
084302,驴肉 (卤),肉类,驴,畜肉类及其制品,149.0,27.2,5.8,1.9,0.0,70.0,0.01,0.27,,1.26,307.0,219.0,6.0,5.4,2.78,1.0,False,2026-05-04T08:32:40Z
084303,驴肉 (煮),肉类,驴,畜肉类及其制品,230.0,27.0,0.0,13.5,0.0,25.0,0.0,0.1,,0.39,207.4,114.0,13.0,8.3,4.4,1.0,False,2026-05-04T08:32:40Z
084101,驴肉 (瘦),肉类,驴,畜肉类及其制品,,21.5,,,0.0,72.0,,0.16,0.0,2.76,46.9,325.0,2.0,4.3,4.26,1.0,False,2026-05-04T08:32:40Z
084301,驴肉 (酱),肉类,驴,畜肉类及其制品,160.0,33.7,0.0,2.8,0.0,0.0,0.02,0.11,,,228.6,185.0,8.0,4.2,4.63,1.0,False,2026-05-04T08:32:40Z
084201,驴鞭,肉类,驴,畜肉类及其制品,143.0,29.7,4.3,0.8,0.0,0.0,0.03,,0.0,0.57,698.1,152.0,51.0,6.8,5.28,1.0,False,2026-05-04T08:32:40Z
091105,华青鸡,肉类,鸡,禽肉类及其制品,158.0,19.6,0.0,8.8,0.0,109.0,0.06,0.05,0.0,0.74,62.8,184.0,1.0,1.8,2.46,0.7,True,2026-05-04T08:32:40Z
091304,卤煮鸡,肉类,鸡,禽肉类及其制品,212.0,29.4,5.8,7.9,0.0,76.0,0.02,0.35,,0.9,221.7,40.0,71.0,5.4,4.42,0.7,True,2026-05-04T08:32:40Z
091301,扒鸡,肉类,鸡,禽肉类及其制品,217.0,29.6,0.0,11.0,0.0,32.0,0.02,0.17,,,1000.7,149.0,31.0,2.9,3.23,0.66,True,2026-05-04T08:32:40Z
091308,扒鸡 (五香脱骨),肉类,鸡,禽肉类及其制品,206.0,23.4,,,0.0,,0.11,,0.84,0.5,13.0,633.2,307.0,1.43,10.9,0.77,True,2026-05-04T08:32:40Z
091103,母鸡 (一年内),肉类,鸡,禽肉类及其制品,256.0,20.3,5.8,16.8,0.0,139.0,0.05,0.04,0.0,1.34,62.2,275.0,2.0,1.2,1.46,0.66,True,2026-05-04T08:32:40Z
091106,沙鸡,肉类,鸡,禽肉类及其制品,147.0,20.0,1.6,6.7,0.0,1.0,0.36,0.04,0.0,,81.9,249.0,0.0,24.8,10.6,0.41,True,2026-05-04T08:32:40Z
091303,炸鸡块(肯德基),肉类,鸡,禽肉类及其制品,279.0,20.3,10.5,17.3,0.0,23.0,0.03,0.17,,6.44,755.0,232.0,109.0,2.2,1.66,0.7,True,2026-05-04T08:32:40Z
091309,烤鸡,肉类,鸡,禽肉类及其制品,265.0,28.1,,,0.0,165.0,0.16,,,0.35,11.0,560.0,135.0,1.58,19.28,0.72,True,2026-05-04T08:32:40Z
091306,瓦罐鸡汤 (汤),肉类,鸡,禽肉类及其制品,27.0,1.3,,,0.0,0.0,0.07,,,0.21,5.0,251.4,20.0,0.0,,1.0,False,2026-05-04T08:32:40Z
091305,瓦罐鸡汤 (肉),肉类,鸡,禽肉类及其制品,190.0,20.9,5.2,9.5,0.0,63.0,0.01,0.21,,1.08,201.2,23.0,16.0,1.9,2.2,1.0,False,2026-05-04T08:32:40Z
091310,童子鸡 (熟),肉类,鸡,禽肉类及其制品,226.0,15.8,0.0,18.1,0.0,21.0,0.1,,,0.32,7.0,910.1,221.0,1.21,8.27,0.57,True,2026-05-04T08:32:40Z
091104,肉鸡 (肥),肉类,鸡,禽肉类及其制品,389.0,16.7,0.9,35.4,0.0,226.0,0.07,0.07,0.0,,47.8,123.0,37.0,1.7,1.1,0.74,True,2026-05-04T08:32:40Z
091116,野山鸡,肉类,鸡,禽肉类及其制品,126.0,20.4,6.6,2.0,0.0,75.0,0.03,0.14,0.0,0.27,37.8,155.0,92.0,0.9,1.19,0.63,True,2026-05-04T08:32:40Z
091107,鸡 (乌骨鸡),肉类,鸡,禽肉类及其制品,111.0,22.3,0.3,2.3,0.0,,0.02,0.2,0.0,1.77,64.0,323.0,17.0,2.3,1.6,0.48,True,2026-05-04T08:32:40Z
091101x,鸡 (代表值),肉类,鸡,禽肉类及其制品,145.0,20.3,0.9,6.7,0.0,92.0,0.06,0.07,0.0,1.34,62.8,249.0,13.0,1.8,,0.63,True,2026-05-04T08:32:40Z
091102,鸡(土鸡，家养),肉类,鸡,禽肉类及其制品,124.0,20.8,0.0,4.5,0.0,64.0,0.09,0.08,0.0,2.02,74.1,276.0,9.0,2.1,1.06,0.58,True,2026-05-04T08:32:40Z
091115,鸡块 (带浆粉),肉类,鸡,禽肉类及其制品,206.0,12.2,18.8,9.1,0.0,0.0,0.05,0.05,0.0,0.4,329.8,230.0,6.0,0.5,0.54,1.0,False,2026-05-04T08:32:40Z
091203,鸡心,肉类,鸡,禽肉类及其制品,172.0,15.9,0.6,11.8,0.0,910.0,0.46,0.26,,,108.4,220.0,54.0,4.7,1.94,1.0,False,2026-05-04T08:32:40Z
091111,鸡爪,肉类,鸡,禽肉类及其制品,254.0,23.9,2.7,16.4,0.0,37.0,0.01,0.13,0.0,0.32,169.0,108.0,36.0,1.4,0.9,0.6,True,2026-05-04T08:32:40Z
091205,鸡盹(鸡胗),肉类,鸡,禽肉类及其制品,118.0,19.2,4.0,2.8,0.0,36.0,0.04,0.09,,0.87,74.8,272.0,7.0,4.4,2.76,1.0,False,2026-05-04T08:32:40Z
091114,鸡翅,肉类,鸡,禽肉类及其制品,202.0,19.0,5.5,11.5,0.0,28.0,0.0,0.05,0.0,0.44,50.8,205.0,8.0,0.9,0.42,0.69,True,2026-05-04T08:32:40Z
091307,鸡肉松,肉类,鸡,禽肉类及其制品,440.0,7.2,,,0.0,,0.11,,,14.58,29.0,1687.8,83.0,0.58,3.07,1.0,False,2026-05-04T08:32:40Z
091201,鸡肝,肉类,鸡,禽肉类及其制品,121.0,16.6,2.8,4.8,0.0,10414.0,0.33,1.1,,1.88,92.0,222.0,7.0,12.0,2.4,1.0,False,2026-05-04T08:32:40Z
091202,鸡肝(肉鸡),肉类,鸡,禽肉类及其制品,121.0,16.7,3.5,4.5,0.0,2867.0,0.32,0.58,,0.75,98.2,321.0,4.0,9.6,3.46,1.0,False,2026-05-04T08:32:40Z
091112,鸡胸脯肉,肉类,鸡,禽肉类及其制品,118.0,24.6,0.6,1.9,0.0,3.0,0.07,0.06,0.0,0.41,44.8,333.0,1.0,1.0,0.26,1.0,False,2026-05-04T08:32:40Z
091113,鸡腿,肉类,鸡,禽肉类及其制品,146.0,20.2,0.0,7.2,0.0,22.0,0.06,0.1,0.0,0.0,73.6,221.0,0.0,1.8,1.11,0.74,True,2026-05-04T08:32:40Z
091204,鸡血,肉类,鸡,禽肉类及其制品,49.0,7.8,4.1,0.2,0.0,56.0,0.05,0.04,,0.21,208.0,136.0,10.0,25.0,0.45,1.0,False,2026-05-04T08:32:40Z
092102,公麻鸭,肉类,鸭,禽肉类及其制品,360.0,14.3,6.1,30.9,0.0,238.0,0.05,0.11,0.0,0.13,61.6,109.0,4.0,3.0,1.9,0.63,True,2026-05-04T08:32:40Z
092302,北京填鸭,肉类,鸭,禽肉类及其制品,425.0,9.3,3.9,41.3,0.0,30.0,0.0,,,0.53,6.0,45.5,149.0,1.31,5.8,0.75,True,2026-05-04T08:32:40Z
092301,北京烤鸭,肉类,鸭,禽肉类及其制品,436.0,16.6,6.0,38.4,0.0,36.0,0.04,0.32,,0.97,13.0,83.0,175.0,1.25,10.32,0.8,True,2026-05-04T08:32:40Z
092103,母麻鸭,肉类,鸭,禽肉类及其制品,461.0,13.0,1.4,44.8,0.0,476.0,0.06,0.09,0.0,0.6,48.8,155.0,9.0,2.9,1.38,0.75,True,2026-05-04T08:32:40Z
092308,烤鸭 (全聚德牌),肉类,鸭,禽肉类及其制品,530.0,18.1,0.0,50.8,0.0,107.0,0.13,0.25,,,8.0,29.9,147.0,1.69,24.83,0.65,True,2026-05-04T08:32:40Z
092307,烤鸭 (老唐牌),肉类,鸭,禽肉类及其制品,309.0,20.3,0.0,25.3,0.0,170.0,0.06,0.19,,1.06,6.0,776.4,102.0,2.76,16.3,0.6,True,2026-05-04T08:32:40Z
092306,盐水鸭 (熟),肉类,鸭,禽肉类及其制品,313.0,16.6,2.8,26.1,0.0,35.0,0.07,0.21,,0.42,14.0,1557.5,112.0,2.04,15.37,0.81,True,2026-05-04T08:32:40Z
092303,红烧鸭 (罐头),肉类,鸭,禽肉类及其制品,338.0,15.3,0.6,30.5,0.0,26.0,0.13,0.18,,0.1,17.0,628.3,467.0,1.55,11.5,1.0,False,2026-05-04T08:32:40Z
092304,酱鸭,肉类,鸭,禽肉类及其制品,266.0,18.9,6.3,18.4,0.0,11.0,0.06,0.22,,,13.0,981.3,140.0,2.69,15.74,0.8,True,2026-05-04T08:32:40Z
092305,酱鸭(加梅菜，罐头),肉类,鸭,禽肉类及其制品,253.0,11.8,2.5,21.7,0.0,26.0,0.11,0.13,,0.1,24.0,474.5,208.0,3.03,10.4,0.93,True,2026-05-04T08:32:40Z
092101x,鸭(代表值),肉类,鸭,禽肉类及其制品,240.0,15.5,0.2,19.7,0.0,52.0,0.08,0.22,0.0,0.27,69.0,191.0,6.0,2.2,1.33,0.68,True,2026-05-04T08:32:40Z
092206,鸭心,肉类,鸭,禽肉类及其制品,143.0,12.8,2.9,8.9,0.0,24.0,0.14,0.87,,0.81,86.2,233.0,20.0,5.0,1.38,1.0,False,2026-05-04T08:32:40Z
092107,鸭掌,肉类,鸭,禽肉类及其制品,150.0,26.9,6.2,1.9,0.0,11.0,0.0,0.17,0.0,,61.1,28.0,24.0,1.3,0.54,0.59,True,2026-05-04T08:32:40Z
092105,鸭皮,肉类,鸭,禽肉类及其制品,538.0,6.5,15.1,50.2,0.0,21.0,0.01,0.04,0.0,,26.2,38.0,6.0,3.1,0.64,1.0,False,2026-05-04T08:32:40Z
092211,鸭盹,肉类,鸭,禽肉类及其制品,92.0,17.9,2.1,1.3,0.0,6.0,0.04,0.15,,,,69.2,134.0,2.77,15.95,0.93,True,2026-05-04T08:32:40Z
092213,鸭盹 (母麻鸭),肉类,鸭,禽肉类及其制品,126.0,20.4,1.6,4.2,0.0,102.0,0.04,0.09,,0.12,1.0,69.0,144.0,4.03,,1.0,False,2026-05-04T08:32:40Z
092106,鸭翅,肉类,鸭,禽肉类及其制品,146.0,16.5,6.3,6.1,0.0,14.0,0.02,0.16,0.0,,53.6,100.0,20.0,2.1,0.74,0.67,True,2026-05-04T08:32:40Z
092202,鸭肝,肉类,鸭,禽肉类及其制品,128.0,14.5,0.5,7.5,0.0,1040.0,0.26,1.05,18.0,1.41,87.2,230.0,18.0,23.1,3.08,1.0,False,2026-05-04T08:32:40Z
092203,鸭肝(公麻鸭),肉类,鸭,禽肉类及其制品,136.0,14.7,10.1,4.1,0.0,2850.0,0.15,0.34,,0.25,99.3,236.0,1.0,35.1,3.92,1.0,False,2026-05-04T08:32:40Z
092204,鸭肝(母麻鸭),肉类,鸭,禽肉类及其制品,113.0,16.8,5.9,2.5,0.0,4675.0,0.35,0.65,,1.11,107.5,289.0,1.0,50.1,6.91,1.0,False,2026-05-04T08:32:40Z
092201,鸭肠,肉类,鸭,禽肉类及其制品,129.0,14.2,0.4,7.8,0.0,16.0,0.02,0.22,,,32.0,136.0,31.0,2.3,1.19,0.53,True,2026-05-04T08:32:40Z
092212,鸭胞(公麻鸭),肉类,鸭,禽肉类及其制品,112.0,19.8,5.4,1.2,0.0,48.0,0.05,0.08,,0.12,19.0,70.1,,3.73,,1.0,False,2026-05-04T08:32:40Z
092210,鸭胰,肉类,鸭,禽肉类及其制品,117.0,21.7,1.0,2.9,0.0,6.0,0.02,0.78,9.0,,55.7,84.0,20.0,1.9,4.16,0.97,True,2026-05-04T08:32:40Z
092104,鸭胸脯肉,肉类,鸭,禽肉类及其制品,90.0,15.0,4.0,1.5,0.0,,0.01,0.07,0.0,1.98,60.2,126.0,6.0,4.1,1.17,1.0,False,2026-05-04T08:32:40Z
092205,鸭舌(鸭条),肉类,鸭,禽肉类及其制品,245.0,16.6,0.4,19.7,0.0,35.0,0.01,0.21,0.0,0.23,81.5,44.0,13.0,2.2,0.65,0.61,True,2026-05-04T08:32:40Z
092209,鸭血 (母麻鸭),肉类,鸭,禽肉类及其制品,55.0,13.1,0.0,0.3,0.0,110.0,0.05,0.07,,0.1,175.2,185.0,2.0,39.6,0.94,1.0,False,2026-05-04T08:32:40Z
092207,鸭血 (白鸭),肉类,鸭,禽肉类及其制品,108.0,13.6,12.4,0.4,0.0,,0.06,0.06,,0.34,173.6,166.0,5.0,30.5,0.5,1.0,False,2026-05-04T08:32:40Z
092208,鸭血(公麻鸭),肉类,鸭,禽肉类及其制品,56.0,13.2,0.0,0.4,0.0,57.0,0.05,0.03,,0.1,198.6,186.0,3.0,31.8,0.9,1.0,False,2026-05-04T08:32:40Z
092214,鸭豉片,肉类,鸭,禽肉类及其制品,603.0,18.3,6.1,56.1,0.0,0.0,0.26,0.11,,0.0,,,,0.38,15.41,1.0,False,2026-05-04T08:32:40Z
093301,烧鹅,肉类,鹅,禽肉类及其制品,289.0,19.7,4.2,21.5,0.0,9.0,0.09,0.11,,0.07,240.0,22.0,91.0,3.8,2.0,0.73,True,2026-05-04T08:32:40Z
093302,腊鹅,肉类,鹅,禽肉类及其制品,410.0,24.6,29.6,21.5,0.0,0.0,0.13,0.54,0.0,0.0,2880.0,388.0,36.0,7.8,3.25,0.54,True,2026-05-04T08:32:40Z
093101,鹅,肉类,鹅,禽肉类及其制品,,,0.0,,0.0,42.0,0.07,0.23,0.0,0.22,58.8,232.0,4.0,3.8,1.36,0.63,True,2026-05-04T08:32:40Z
093202,鹅盹,肉类,鹅,禽肉类及其制品,100.0,19.6,1.1,1.9,0.0,51.0,0.05,0.06,,,58.2,410.0,2.0,4.7,4.04,1.0,False,2026-05-04T08:32:40Z
093201,鹅肝,肉类,鹅,禽肉类及其制品,129.0,15.2,9.3,3.4,0.0,6100.0,0.27,0.25,,0.29,70.2,336.0,2.0,7.8,3.56,1.0,False,2026-05-04T08:32:40Z
093203,鹅血,肉类,鹅,禽肉类及其制品,74.0,18.6,0.0,0.0,0.0,2.0,,,,0.13,80.5,163.0,4.0,37.7,0.47,1.0,False,2026-05-04T08:32:40Z
051046,乳牛肝菌(干)(粘盖牛肝 菌、松树菌),菌藻,菌类,菌藻类,264.0,15.3,66.0,2.8,,30.0,0.86,1.72,,6.85,11.2,1481.0,12.0,20.3,5.43,1.0,False,2026-05-04T08:32:40Z
051053,元蘑(干)(亚侧耳、冬蘑、黄蘑),菌藻,菌类,菌藻类,245.0,12.3,70.3,1.5,,17.0,0.16,10.75,,3.63,13.4,3877.0,6.0,7.8,1.89,1.0,False,2026-05-04T08:32:40Z
051004,冬菇(干)(毛柄金线菌),菌藻,菌类,菌藻类,277.0,17.8,32.3,,0.0,30.0,1.4,,5.0,3.47,20.4,1155.0,55.0,10.5,4.2,0.86,True,2026-05-04T08:32:40Z
051029,北风菌(荷叶离褶伞、一窝羊),菌藻,菌类,菌藻类,17.0,1.7,2.9,0.1,1.2,0.0,0.05,0.38,,7.28,5.0,,3.0,0.47,0.17,0.77,True,2026-05-04T08:32:40Z
051017,双孢蘑菇(洋蘑菇),菌藻,菌类,菌藻类,26.0,4.2,1.5,,0.0,,0.27,,0.0,,2.0,307.0,2.0,0.9,6.6,0.97,True,2026-05-04T08:32:40Z
051010,口蘑(白蘑),菌藻,菌类,菌藻类,277.0,38.7,17.2,,0.0,,0.08,,0.0,8.57,5.2,3106.0,169.0,19.4,9.04,1.0,False,2026-05-04T08:32:40Z
051003,地衣(水浸),菌藻,菌类,菌藻类,10.0,1.5,1.8,,0.0,220.0,0.28,,0.0,2.24,10.7,102.0,14.0,21.1,5.0,1.0,False,2026-05-04T08:32:40Z
051002,大红菇(干)(草质红菇),菌藻,菌类,菌藻类,263.0,,31.6,50.9,0.0,80.0,6.9,,2.0,,1.7,228.0,1.0,7.5,3.5,1.0,False,2026-05-04T08:32:40Z
051032,干巴菌,菌藻,菌类,菌藻类,38.0,3.8,8.0,0.4,6.3,0.0,0.06,1.84,,45.14,11.0,2.1,10.0,0.78,,0.91,True,2026-05-04T08:32:40Z
051048,平菇(糙皮侧耳、青蘑),菌藻,菌类,菌藻类,17.0,1.7,3.2,0.1,,1.0,0.03,0.08,,0.37,13.2,208.0,4.0,0.7,0.57,1.0,False,2026-05-04T08:32:40Z
051015,平菇(糙皮侧耳，青蘑),菌藻,菌类,菌藻类,24.0,1.9,2.3,,0.0,10.0,0.16,,4.0,0.79,3.8,258.0,5.0,1.0,0.61,0.93,True,2026-05-04T08:32:40Z
051016,普中红蘑(千),菌藻,菌类,菌藻类,263.0,18.4,24.6,,0.0,,1.16,,,,4.3,169.0,14.0,235.1,3.14,1.0,False,2026-05-04T08:32:40Z
051013,木耳(干)(黑木耳，云耳),菌藻,菌类,菌藻类,265.0,12.1,29.9,,0.0,100.0,0.44,,,11.34,48.5,757.0,247.0,97.4,3.18,1.0,False,2026-05-04T08:32:40Z
051014,木耳(水发)(黑木耳，云耳),菌藻,菌类,菌藻类,27.0,1.5,2.6,,0.0,20.0,0.05,,1.0,,8.5,52.0,34.0,5.5,0.53,1.0,False,2026-05-04T08:32:40Z
051051,杏鲍菇,菌藻,菌类,菌藻类,35.0,1.3,8.3,0.1,2.1,0.0,0.03,0.14,,0.6,3.5,242.0,13.0,0.5,0.39,1.0,False,2026-05-04T08:32:40Z
051018,松蘑(干)(松口蘑，松茸),菌藻,菌类,菌藻类,207.0,20.3,47.8,,0.0,,1.48,,,3.09,4.3,93.0,14.0,86.0,6.22,1.0,False,2026-05-04T08:32:40Z
051050,松蘑(干)(松茸、松口蘑),菌藻,菌类,菌藻类,273.0,12.5,66.5,3.0,,8.0,0.08,1.48,,5.48,31.6,2402.0,7.0,156.5,5.49,1.0,False,2026-05-04T08:32:40Z
051027,榛蘑 (水发),菌藻,菌类,菌藻类,53.0,2.8,9.4,1.1,3.1,,0.0,0.2,,0.98,32.0,,3.0,1.99,0.78,0.77,True,2026-05-04T08:32:40Z
051026,榛蘑(半干)(假蜜环菌),菌藻,菌类,菌藻类,178.0,9.5,31.9,3.7,10.4,3.0,0.01,0.69,0.0,3.34,109.0,51.3,286.0,6.79,2.65,0.77,True,2026-05-04T08:32:40Z
051055,榛蘑(干)(小蜜环菌),菌藻,菌类,菌藻类,329.0,17.7,54.6,10.8,,40.0,0.14,0.71,,3.35,18.7,4629.0,9.0,22.4,6.0,1.0,False,2026-05-04T08:32:40Z
051047,牛眼睛菌(鲜)(马勃菌),菌藻,菌类,菌藻类,41.0,5.1,6.6,0.3,4.4,0.0,,0.25,,,1.8,532.0,8.0,4.1,1.81,0.93,True,2026-05-04T08:32:40Z
051042,牛肝菌(白)(美味牛肝菌),菌藻,菌类,菌藻类,35.0,4.0,4.5,0.4,1.5,0.0,0.14,1.11,,8.93,10.0,2.1,5.0,0.98,0.25,0.93,True,2026-05-04T08:32:40Z
051043,牛肝菌(白、干)美味牛肝菌),菌藻,菌类,菌藻类,296.0,27.8,53.3,1.6,,9.0,0.32,1.72,,4.42,47.0,9.1,,5.8,758.8,1.0,False,2026-05-04T08:32:40Z
051045,牛肝菌(鲜)(黄皮牛肝菌， 黄皮疣柄牛肝菌、黄癫头),菌藻,菌类,菌藻类,32.0,4.3,5.3,0.1,3.9,0.0,0.03,0.57,,0.0,,224.0,2.0,1.07,0.37,0.97,True,2026-05-04T08:32:40Z
051044,牛肝菌(黑)(铜色牛肝菌),菌藻,菌类,菌藻类,32.0,3.6,4.8,0.2,1.6,0.0,0.07,0.31,,,,291.0,2.0,1.19,0.34,0.95,True,2026-05-04T08:32:40Z
051005,猴头菇(罐装),菌藻,菌类,菌藻类,21.0,,4.2,4.9,0.0,,0.04,,4.0,0.46,175.2,8.0,19.0,2.8,0.4,1.0,False,2026-05-04T08:32:40Z
051025,珍珠白蘑(干),菌藻,菌类,菌藻类,258.0,18.3,56.3,0.7,23.3,,0.0,0.02,,,,,24.0,3.55,78.52,1.0,False,2026-05-04T08:32:40Z
051028,白蘑菇(双孢蘑菇、洋蘑菇),菌藻,菌类,菌藻类,29.0,3.5,3.8,0.4,,,0.02,0.3,0.1,,11.0,57.0,6.0,0.6,,1.0,False,2026-05-04T08:32:40Z
051054,竹荪(干)(竹笙、竹参),菌藻,菌类,菌藻类,248.0,17.8,60.3,3.1,46.4,0.0,0.03,1.75,,,50.0,11882.0,18.0,17.8,2.2,1.0,False,2026-05-04T08:32:40Z
051033,红奶浆菌(多汁乳菇、谷熟菌),菌藻,菌类,菌藻类,18.0,1.5,3.3,0.4,2.4,0.0,0.03,0.27,,,,,4.0,0.42,0.13,0.94,True,2026-05-04T08:32:40Z
051023,羊肚菌(干)(干狼肚),菌藻,菌类,菌藻类,321.0,26.9,12.9,,0.0,1070.0,2.25,,3.0,3.58,33.6,1726.0,87.0,30.7,12.11,1.0,False,2026-05-04T08:32:40Z
051031,茶树菇(干)柱状田头菇、油茶菇1,菌藻,菌类,菌藻类,309.0,23.1,56.1,2.6,,0.0,0.32,1.48,,,124.0,6.0,4.0,8.38,7.24,1.0,False,2026-05-04T08:32:40Z
051001,草菇(大黑头细花草、稻菇),菌藻,菌类,菌藻类,27.0,,1.6,4.3,,,0.34,,,0.4,73.0,179.0,17.0,1.3,0.6,1.0,False,2026-05-04T08:32:40Z
051030,草菇(大黑头细花草、稻菇),菌藻,菌类,菌藻类,18.0,1.1,3.1,0.4,,,0.02,0.03,,0.7,5.0,,5.0,0.33,0.9,1.0,False,2026-05-04T08:32:40Z
051011,蘑菇(鲜蘑),菌藻,菌类,菌藻类,24.0,2.7,2.1,,0.0,10.0,0.35,,2.0,0.56,8.3,312.0,6.0,1.2,0.92,0.99,True,2026-05-04T08:32:40Z
051056,蛹虫草 (干),菌藻,菌类,菌藻类,302.0,23.7,60.9,0.0,16.3,0.0,0.2,0.4,20.0,0.0,29.6,337.0,15.0,3.7,7.85,1.0,False,2026-05-04T08:32:40Z
051052,血红菇 (干),菌藻,菌类,菌藻类,313.0,22.4,56.0,6.7,,0.0,0.13,4.3,,,2.9,3520.0,9.0,25.2,6.03,1.0,False,2026-05-04T08:32:40Z
051009,金针菇 (罐装),菌藻,菌类,菌藻类,26.0,1.0,2.5,,0.0,,0.01,,0.0,0.98,238.2,17.0,14.0,1.1,0.34,1.0,False,2026-05-04T08:32:40Z
051008,金针菇(鲜)(智力菇),菌藻,菌类,菌藻类,32.0,2.4,2.7,,0.0,30.0,0.19,,2.0,1.14,4.3,195.0,,1.4,0.39,1.0,False,2026-05-04T08:32:40Z
051024,银耳(干)(白木耳),菌藻,菌类,菌藻类,261.0,10.0,,,30.4,4.0,,0.25,,1.26,54.0,82.1,36.0,3.03,2.95,0.96,True,2026-05-04T08:32:40Z
051049,青头菌(变绿红菇、绿菇),菌藻,菌类,菌藻类,20.0,2.7,3.1,0.1,2.2,0.0,0.01,0.46,,0.0,1.1,269.0,4.0,1.4,0.67,0.95,True,2026-05-04T08:32:40Z
051021,香杏丁蘑 (千，大),菌藻,菌类,菌藻类,257.0,22.4,24.9,,0.0,,3.11,,,,43.4,238.0,17.0,113.2,7.78,1.0,False,2026-05-04T08:32:40Z
051022,香杏片口蘑(干),菌藻,菌类,菌藻类,252.0,33.4,22.6,,0.0,,1.9,,,,21.0,227.0,15.0,137.5,7.83,1.0,False,2026-05-04T08:32:40Z
051020,香菇(干)(香草，冬菇),菌藻,菌类,菌藻类,274.0,20.0,31.6,,0.0,20.0,1.26,,5.0,0.66,11.2,464.0,83.0,10.5,8.57,0.95,True,2026-05-04T08:32:40Z
051019,香菇(鲜)(香草，冬菇),菌藻,菌类,菌藻类,26.0,2.2,3.3,,0.0,,0.08,,1.0,,1.4,20.0,2.0,0.3,0.66,1.0,False,2026-05-04T08:32:40Z
051039,鸡枞(干),菌藻,菌类,菌藻类,297.0,32.8,44.8,3.7,,6.0,0.26,1.22,,4.17,116.0,23.9,,7.16,33.44,1.0,False,2026-05-04T08:32:40Z
051040,鸡枞(油炸)(油鸡枞),菌藻,菌类,菌藻类,646.0,4.8,10.2,66.3,5.4,0.0,0.03,0.24,,,33.0,1265.7,28.0,3.26,2.73,1.0,False,2026-05-04T08:32:40Z
051038,鸡枞(蚁枞、伞把菇、鸡枞菌),菌藻,菌类,菌藻类,19.0,2.5,2.5,0.2,1.3,0.0,0.02,0.25,,,8.0,3.1,4.0,0.46,0.14,0.96,True,2026-05-04T08:32:40Z
051041,鸡枞花,菌藻,菌类,菌藻类,18.0,2.3,1.8,0.3,0.8,0.0,0.2,0.14,,11.46,9.0,2.7,8.0,0.44,0.15,0.86,True,2026-05-04T08:32:40Z
051037,鸡油菌(黄丝菌、杏菌),菌藻,菌类,菌藻类,26.0,2.0,5.1,0.3,2.6,124.0,0.03,0.39,,4.84,10.0,2.8,12.0,0.54,0.32,0.92,True,2026-05-04T08:32:40Z
051036,鸡腿菇(干)(毛头鬼伞),菌藻,菌类,菌藻类,294.0,26.7,51.8,2.0,,,0.14,1.79,,5.01,119.0,68.2,9.0,3.95,15.39,1.0,False,2026-05-04T08:32:40Z
051035,黄伞菇(干)(多脂鳞伞、黄丝菌),菌藻,菌类,菌藻类,294.0,22.8,57.5,3.2,,0.0,0.17,1.93,,,96.0,6.4,4.0,5.58,13.56,1.0,False,2026-05-04T08:32:40Z
051006,黄蘑 (干),菌藻,菌类,菌藻类,203.0,16.4,18.3,,0.0,70.0,1.0,,0.0,1.26,6.1,1953.0,11.0,22.5,5.26,0.89,True,2026-05-04T08:32:40Z
051034,黄蘑 (干),菌藻,菌类,菌藻类,284.0,24.6,46.9,6.4,,10.0,0.48,1.46,,4.05,122.0,31.9,33.0,7.04,6.78,1.0,False,2026-05-04T08:32:40Z
051007,黄蘑(水发),菌藻,菌类,菌藻类,30.0,4.3,4.8,,0.0,,0.26,,,0.33,1.6,512.0,3.0,5.9,1.38,0.89,True,2026-05-04T08:32:40Z
052001,发菜(干)(仙菜),菌藻,藻类,菌藻类,259.0,20.2,,,35.0,,0.15,0.54,6.0,0.07,100.7,217.0,1048.0,85.2,1.68,1.0,False,2026-05-04T08:32:40Z
052005,海冻菜(干)(石花菜，冻菜),菌藻,藻类,菌藻类,,5.4,72.9,0.1,,,0.06,0.2,0.0,14.84,380.8,141.0,167.0,2.0,1.94,1.0,False,2026-05-04T08:32:40Z
052003,海带(江白菜，昆布),菌藻,藻类,菌藻类,90.0,1.8,23.4,0.1,6.1,20.0,0.01,0.1,0.0,0.85,327.4,761.0,348.0,4.7,0.65,0.98,True,2026-05-04T08:32:40Z
052004,海带(浸)(江白菜，昆布),菌藻,藻类,菌藻类,16.0,1.1,3.0,0.1,0.9,26.0,0.02,0.1,,0.08,107.6,222.0,241.0,3.3,0.66,1.0,False,2026-05-04T08:32:40Z
052002,海带(鲜)(江白菜),菌藻,藻类,菌藻类,13.0,1.2,2.1,0.1,0.5,,0.02,0.15,0.0,1.85,8.6,246.0,46.0,0.9,0.16,1.0,False,2026-05-04T08:32:40Z
052011,海带菜(鲜，姑香牌),菌藻,藻类,菌藻类,112.0,1.4,15.3,7.5,,34.0,0.04,0.03,,2.37,2511.7,44.0,201.0,2.3,4.93,1.0,False,2026-05-04T08:32:40Z
052006,琼脂(紫菜胶洋粉),菌藻,藻类,菌藻类,311.0,1.1,76.3,0.2,0.1,,0.0,0.0,0.0,,3.3,11.0,100.0,7.0,6.25,1.0,False,2026-05-04T08:32:40Z
052008,紫菜 (干),菌藻,藻类,菌藻类,250.0,26.7,44.1,1.1,21.6,114.0,0.27,1.02,2.0,1.82,710.5,1796.0,264.0,54.9,2.47,1.0,False,2026-05-04T08:32:40Z
052007,苔菜(干)(苔条，条浒苔),菌藻,藻类,菌藻类,167.0,19.0,26.3,0.4,9.1,,0.35,0.4,,,4955.0,410.0,185.0,283.7,3.56,1.0,False,2026-05-04T08:32:40Z
052009,螺旋藻(干),菌藻,藻类,菌藻类,358.0,64.7,18.2,3.1,1.0,3234.0,0.28,1.41,0.0,27.11,1624.0,1506.0,137.0,88.0,2.62,1.0,False,2026-05-04T08:32:40Z
052010,裙带菜(干)(海芥菜、海木耳),菌藻,藻类,菌藻类,219.0,25.0,41.5,1.7,31.1,186.0,0.02,0.07,,0.0,4411.6,335.0,947.0,16.4,2.62,1.0,False,2026-05-04T08:32:40Z
045422,三七尖,蔬菜,嫩茎叶花菜类,蔬菜类及其制品,21.0,2.3,4.0,,,14.0,0.0,0.08,0.0,0.15,12.4,631.0,57.0,0.1,2.26,1.0,False,2026-05-04T08:32:40Z
045124,乌塌菜(塌菜、塌棵菜),蔬菜,嫩茎叶花菜类,蔬菜类及其制品,13.0,1.8,2.6,0.1,1.8,131.0,0.01,0.08,33.9,0.28,59.5,213.0,43.0,1.6,0.25,0.96,True,2026-05-04T08:32:40Z
045111,乌菜(乌塌菜，塌棵菜),蔬菜,嫩茎叶花菜类,蔬菜类及其制品,28.0,2.6,4.2,0.4,1.4,84.0,0.06,0.11,45.0,1.16,,154.0,186.0,0.7,0.5,0.89,True,2026-05-04T08:32:40Z
045303,冬寒菜(鲜)(冬苋菜，冬葵),蔬菜,嫩茎叶花菜类,蔬菜类及其制品,34.0,3.9,4.9,0.4,2.2,599.0,0.15,0.05,20.0,,14.0,280.0,82.0,2.4,1.37,0.58,True,2026-05-04T08:32:40Z
045405,冬笋(鲜),蔬菜,嫩茎叶花菜类,蔬菜类及其制品,42.0,4.1,6.5,0.1,0.8,7.0,0.08,0.08,1.0,,,,56.0,,,0.39,True,2026-05-04T08:32:40Z
045421,南瓜藤,蔬菜,嫩茎叶花菜类,蔬菜类及其制品,17.0,1.7,3.2,0.0,,35.0,0.0,0.04,13.5,0.59,1.8,303.0,14.0,1.1,0.35,1.0,False,2026-05-04T08:32:40Z
045335,叶甜菜(白梗),蔬菜,嫩茎叶花菜类,蔬菜类及其制品,13.0,1.6,2.8,0.1,2.2,,0.01,0.08,7.4,0.34,,24.0,48.0,0.22,0.3,1.0,False,2026-05-04T08:32:40Z
045201,圆白菜，卷心菜,蔬菜,嫩茎叶花菜类,蔬菜类及其制品,24.0,1.5,4.6,0.2,1.0,6.0,0.03,0.03,40.0,0.5,27.2,124.0,49.0,0.6,0.25,0.86,True,2026-05-04T08:32:40Z
045104,大白菜 (小白口),蔬菜,嫩茎叶花菜类,蔬菜类及其制品,16.0,1.3,2.8,0.1,0.9,3.0,0.02,0.03,19.0,0.21,,137.0,45.0,0.31,0.75,0.85,True,2026-05-04T08:32:40Z
045101x,大白菜(代表值),蔬菜,嫩茎叶花菜类,蔬菜类及其制品,20.0,1.6,3.4,0.2,0.9,7.0,0.05,0.04,37.5,0.36,,134.0,57.0,0.46,0.57,0.89,True,2026-05-04T08:32:40Z
045117,大白菜(白口),蔬菜,嫩茎叶花菜类,蔬菜类及其制品,14.0,1.0,2.9,0.1,,1.0,0.02,0.01,8.0,0.06,,109.0,29.0,0.15,0.04,0.85,True,2026-05-04T08:32:40Z
045102,大白菜(白梗)(黄芽白),蔬菜,嫩茎叶花菜类,蔬菜类及其制品,22.0,1.7,3.7,0.2,0.6,21.0,0.06,0.07,47.0,0.92,12.0,89.3,69.0,0.21,0.33,0.92,True,2026-05-04T08:32:40Z
045118,大白菜(青口),蔬菜,嫩茎叶花菜类,蔬菜类及其制品,12.0,1.1,2.6,0.1,,3.0,0.02,0.02,11.0,0.0,,156.0,66.0,0.23,0.29,0.83,True,2026-05-04T08:32:40Z
045103,大白菜(青白口),蔬菜,嫩茎叶花菜类,蔬菜类及其制品,17.0,1.4,3.0,0.1,0.9,7.0,0.03,0.04,28.0,0.36,,90.0,35.0,0.61,0.39,0.83,True,2026-05-04T08:32:40Z
045121,奶白菜,蔬菜,嫩茎叶花菜类,蔬菜类及其制品,21.0,2.7,,,1.5,95.0,,0.1,37.4,0.16,170.2,126.0,66.0,1.0,0.28,1.0,False,2026-05-04T08:32:40Z
045123,娃娃菜,蔬菜,嫩茎叶花菜类,蔬菜类及其制品,13.0,1.9,2.4,0.2,,4.0,0.04,0.03,12.0,0.0,19.3,278.0,78.0,0.4,0.35,0.97,True,2026-05-04T08:32:40Z
045120,小白菜(青菜),蔬菜,嫩茎叶花菜类,蔬菜类及其制品,,1.4,,0.3,,154.0,0.01,0.05,,0.4,30.0,,117.0,0.23,0.39,0.94,True,2026-05-04T08:32:40Z
045212,抱子甘蓝(小圆白菜),蔬菜,嫩茎叶花菜类,蔬菜类及其制品,36.0,3.5,8.8,0.2,,3.0,0.06,0.05,38.0,0.0,35.5,350.0,59.0,0.6,0.35,0.87,True,2026-05-04T08:32:40Z
045404,春笋 (鲜),蔬菜,嫩茎叶花菜类,蔬菜类及其制品,25.0,2.4,5.1,0.1,2.8,3.0,0.05,0.04,5.0,,8.0,6.0,36.0,0.43,0.66,0.66,True,2026-05-04T08:32:40Z
045423,棠梨花,蔬菜,嫩茎叶花菜类,蔬菜类及其制品,58.0,3.5,9.1,0.8,,,0.0,0.32,0.0,,300.0,42.0,65.0,2.2,0.55,1.0,False,2026-05-04T08:32:40Z
045328,樱桃萝卜缨,蔬菜,嫩茎叶花菜类,蔬菜类及其制品,14.0,2.0,2.7,0.1,2.3,120.0,0.04,0.09,14.0,1.4,111.3,126.0,56.0,3.9,0.4,1.0,False,2026-05-04T08:32:40Z
045407,毛笋(鲜)(毛竹笋),蔬菜,嫩茎叶花菜类,蔬菜类及其制品,23.0,2.2,3.8,0.2,1.3,,0.04,0.05,9.0,0.15,8.0,5.2,34.0,0.47,0.38,0.67,True,2026-05-04T08:32:40Z
045125,油菜,蔬菜,嫩茎叶花菜类,蔬菜类及其制品,14.0,1.3,2.0,0.5,,90.0,0.02,0.05,,0.0,73.7,175.0,148.0,0.9,0.31,0.96,True,2026-05-04T08:32:40Z
045114,油菜 (脱水),蔬菜,嫩茎叶花菜类,蔬菜类及其制品,316.0,7.6,74.3,0.6,8.6,288.0,0.33,0.19,124.0,7.73,105.0,,596.0,4.78,13.14,1.0,False,2026-05-04T08:32:40Z
045113,油菜 (黑),蔬菜,嫩茎叶花菜类,蔬菜类及其制品,19.0,1.8,2.9,0.2,0.9,122.0,0.01,0.1,24.0,0.94,,143.0,191.0,1.27,0.0,0.96,True,2026-05-04T08:32:40Z
045115,油菜(小),蔬菜,嫩茎叶花菜类,蔬菜类及其制品,12.0,1.3,1.6,0.2,0.7,122.0,0.01,0.08,7.0,0.76,,157.0,153.0,0.87,0.0,0.95,True,2026-05-04T08:32:40Z
045116,油菜墓(菜墓),蔬菜,嫩茎叶花菜类,蔬菜类及其制品,24.0,3.2,3.0,0.4,2.0,45.0,0.08,0.07,65.0,0.89,,192.0,156.0,0.72,0.82,0.82,True,2026-05-04T08:32:40Z
045126,油菜心,蔬菜,嫩茎叶花菜类,蔬菜类及其制品,15.0,1.3,2.7,0.4,,,0.02,0.06,0.0,0.16,33.4,166.0,74.0,0.6,0.19,1.0,False,2026-05-04T08:32:40Z
045334,油麦菜,蔬菜,嫩茎叶花菜类,蔬菜类及其制品,12.0,1.1,2.1,0.4,,63.0,,0.07,2.0,0.45,23.0,32.0,26.0,0.24,0.16,0.81,True,2026-05-04T08:32:40Z
045424,洋丝瓜苗,蔬菜,嫩茎叶花菜类,蔬菜类及其制品,29.0,4.4,2.2,0.3,,,0.04,0.23,4.6,,25.0,224.0,77.0,3.1,0.44,0.81,True,2026-05-04T08:32:40Z
045408,玉兰片,蔬菜,嫩茎叶花菜类,蔬菜类及其制品,66.0,2.6,18.6,0.4,11.3,,0.04,0.07,1.0,2.24,5.0,1.9,29.0,0.23,,1.0,False,2026-05-04T08:32:40Z
045339,球茎茴香(甜茴香、意大利茴香),蔬菜,嫩茎叶花菜类,蔬菜类及其制品,17.0,1.2,4.7,0.0,2.2,1.0,0.03,0.06,3.3,0.0,23.0,90.5,35.0,0.18,0.0,0.7,True,2026-05-04T08:32:40Z
045110,瓢儿白(瓢儿菜),蔬菜,嫩茎叶花菜类,蔬菜类及其制品,18.0,1.7,3.2,0.2,1.6,100.0,,0.03,10.0,,,245.0,59.0,0.54,3.4,0.79,True,2026-05-04T08:32:40Z
045316,甜菜叶 (鲜),蔬菜,嫩茎叶花菜类,蔬菜类及其制品,22.0,1.8,4.0,0.1,1.3,305.0,0.1,0.22,30.0,,201.0,547.0,117.0,3.3,0.38,1.0,False,2026-05-04T08:32:40Z
045333,生菜(叶用莴苣),蔬菜,嫩茎叶花菜类,蔬菜类及其制品,12.0,1.6,1.1,0.4,,2.0,,0.01,0.0,0.0,16.1,91.0,14.0,,0.04,0.94,True,2026-05-04T08:32:40Z
045327,番杏(新西兰菠菜、夏菠菜),蔬菜,嫩茎叶花菜类,蔬菜类及其制品,15.0,1.8,3.1,0.1,,52.0,0.03,0.09,0.0,0.23,445.2,107.0,136.0,0.8,0.36,1.0,False,2026-05-04T08:32:40Z
045329,白凤菜,蔬菜,嫩茎叶花菜类,蔬菜类及其制品,16.0,1.6,4.0,0.2,,89.0,0.03,0.06,6.0,0.12,152.0,192.0,41.0,1.8,0.23,1.0,False,2026-05-04T08:32:40Z
045402,白笋 (干),蔬菜,嫩茎叶花菜类,蔬菜类及其制品,282.0,26.0,57.1,4.0,43.2,1.0,,0.32,0.0,,22.0,0.7,222.0,3.3,2.34,0.64,True,2026-05-04T08:32:40Z
045105,白菜(脱水),蔬菜,嫩茎叶花菜类,蔬菜类及其制品,305.0,6.2,72.9,0.8,9.4,,0.24,,187.0,,,,908.0,4.68,6.33,1.0,False,2026-05-04T08:32:40Z
045108,白菜墓(菜墓，菜心),蔬菜,嫩茎叶花菜类,蔬菜类及其制品,28.0,2.8,4.0,0.5,1.7,80.0,0.05,0.08,44.0,0.52,,236.0,96.0,0.87,6.68,0.84,True,2026-05-04T08:32:40Z
045411,百合 (脱水),蔬菜,嫩茎叶花菜类,蔬菜类及其制品,346.0,8.1,79.1,0.1,1.7,,0.05,0.02,7.0,,43.0,69.8,72.0,1.25,3.08,1.0,False,2026-05-04T08:32:40Z
045409,百合(鲜),蔬菜,嫩茎叶花菜类,蔬菜类及其制品,166.0,3.2,38.8,0.1,1.7,,0.02,0.04,18.0,,43.0,6.7,61.0,0.5,0.2,0.82,True,2026-05-04T08:32:40Z
045214,盖莱,蔬菜,嫩茎叶花菜类,蔬菜类及其制品,13.0,1.5,2.8,0.2,,41.0,0.02,0.07,14.0,0.75,73.5,150.0,76.0,0.5,0.47,0.94,True,2026-05-04T08:32:40Z
045419,穿心莲,蔬菜,嫩茎叶花菜类,蔬菜类及其制品,17.0,1.7,2.5,,,,,,3.4,0.0,3.6,188.0,11.0,,0.01,1.0,False,2026-05-04T08:32:40Z
045401,竹笋(鲜),蔬菜,嫩茎叶花菜类,蔬菜类及其制品,23.0,2.6,3.6,0.2,1.8,,0.08,0.08,5.0,0.05,1.0,0.4,64.0,0.33,0.04,0.63,True,2026-05-04T08:32:40Z
045330,紫背天葵(红风菜、血皮菜),蔬菜,嫩茎叶花菜类,蔬菜类及其制品,18.0,1.9,3.8,,,154.0,0.05,0.08,3.0,0.2,19.3,367.0,69.0,0.8,0.37,1.0,False,2026-05-04T08:32:40Z
045109,红菜墓(紫菜墓),蔬菜,嫩茎叶花菜类,蔬菜类及其制品,43.0,2.9,2.7,2.5,0.9,7.0,0.05,0.04,57.0,0.51,,221.0,26.0,0.9,8.43,0.52,True,2026-05-04T08:32:40Z
045420,红薯叶,蔬菜,嫩茎叶花菜类,蔬菜类及其制品,27.0,3.1,5.1,0.0,2.8,113.0,0.2,0.36,0.0,1.37,44.0,115.0,180.0,1.2,0.21,1.0,False,2026-05-04T08:32:40Z
045211,结球甘蓝(紫)(圆白菜),蔬菜,嫩茎叶花菜类,蔬菜类及其制品,25.0,1.2,6.2,0.2,,,0.04,0.03,26.0,0.0,27.0,177.0,65.0,0.4,0.16,0.86,True,2026-05-04T08:32:40Z
045210,结球甘蓝(绿)(圆白菜),蔬菜,嫩茎叶花菜类,蔬菜类及其制品,17.0,0.9,4.0,0.2,,1.0,0.02,0.02,16.0,0.0,42.1,46.0,28.0,0.2,0.12,0.86,True,2026-05-04T08:32:40Z
045417,结球菊苣 (红),蔬菜,嫩茎叶花菜类,蔬菜类及其制品,17.0,1.8,3.4,0.2,,9.0,0.04,0.04,2.0,0.2,20.0,24.9,53.0,0.39,0.33,0.89,True,2026-05-04T08:32:40Z
045213,羽衣甘蓝,蔬菜,嫩茎叶花菜类,蔬菜类及其制品,69.0,5.0,5.7,0.4,3.2,364.0,0.07,0.18,63.0,1.12,66.8,395.0,66.0,1.6,0.56,1.0,False,2026-05-04T08:32:40Z
045305,胡萝卜缨(红，鲜),蔬菜,嫩茎叶花菜类,蔬菜类及其制品,48.0,1.7,11.3,0.4,4.0,81.0,,,41.0,,74.6,493.0,350.0,8.1,0.67,1.0,False,2026-05-04T08:32:40Z
045206,芥菜(大叶，鲜)(盖菜),蔬菜,嫩茎叶花菜类,蔬菜类及其制品,16.0,1.8,2.0,0.4,1.2,142.0,0.02,0.11,72.0,0.64,29.0,224.0,28.0,1.0,0.41,0.71,True,2026-05-04T08:32:40Z
045208,芥菜(小叶，鲜)(小芥菜),蔬菜,嫩茎叶花菜类,蔬菜类及其制品,26.0,2.5,3.6,0.4,1.0,121.0,0.05,0.1,51.0,2.06,38.9,210.0,80.0,1.5,0.5,0.88,True,2026-05-04T08:32:40Z
045207,芥菜(茎用，鲜)(青头菜),蔬菜,嫩茎叶花菜类,蔬菜类及其制品,13.0,1.3,2.8,0.2,2.8,23.0,,0.02,7.0,1.29,41.1,316.0,23.0,0.7,0.25,0.92,True,2026-05-04T08:32:40Z
045205,芥菜(鲜)(雪里红，雪菜),蔬菜,嫩茎叶花菜类,蔬菜类及其制品,27.0,2.0,4.7,0.4,1.6,26.0,0.03,0.11,31.0,0.74,30.5,281.0,230.0,3.2,0.7,0.94,True,2026-05-04T08:32:40Z
045215,芥蓝(甘蓝菜、盖蓝菜),蔬菜,嫩茎叶花菜类,蔬菜类及其制品,24.0,3.1,4.1,0.3,,,0.03,0.12,37.0,0.0,40.2,345.0,121.0,1.0,0.4,0.98,True,2026-05-04T08:32:40Z
045416,芦笋 (紫),蔬菜,嫩茎叶花菜类,蔬菜类及其制品,22.0,2.7,3.4,0.2,1.3,23.0,0.1,0.13,8.3,0.54,14.0,9.2,49.0,0.42,0.07,0.93,True,2026-05-04T08:32:40Z
045415,芦笋(绿)(石刁柏、龙须菜),蔬菜,嫩茎叶花菜类,蔬菜类及其制品,19.0,2.6,3.3,0.1,,2.0,0.07,0.08,7.0,0.19,18.0,12.4,51.0,0.55,0.62,0.9,True,2026-05-04T08:32:40Z
045331,芹菜(茎)(旱芹，药芹),蔬菜,嫩茎叶花菜类,蔬菜类及其制品,13.0,0.4,3.1,0.2,1.0,2.0,0.01,0.02,2.0,0.0,166.4,128.0,15.0,0.2,0.14,1.0,False,2026-05-04T08:32:40Z
045313,芹菜叶(鲜),蔬菜,嫩茎叶花菜类,蔬菜类及其制品,35.0,2.6,5.9,0.6,2.2,244.0,0.08,0.15,22.0,2.5,83.0,137.0,40.0,0.6,1.14,1.0,False,2026-05-04T08:32:40Z
045312,芹菜茎,蔬菜,嫩茎叶花菜类,蔬菜类及其制品,22.0,1.2,4.5,0.2,1.2,28.0,0.02,0.06,8.0,1.32,159.0,206.0,80.0,1.2,0.24,0.67,True,2026-05-04T08:32:40Z
045320,苋菜(紫，鲜)(红苋),蔬菜,嫩茎叶花菜类,蔬菜类及其制品,35.0,2.8,5.9,0.4,1.8,124.0,0.03,0.1,30.0,1.54,42.3,340.0,178.0,2.9,0.7,0.73,True,2026-05-04T08:32:40Z
045319,苋菜(绿，鲜),蔬菜,嫩茎叶花菜类,蔬菜类及其制品,30.0,2.8,5.0,0.3,2.2,176.0,0.03,0.12,47.0,0.36,32.4,207.0,187.0,5.4,0.8,0.74,True,2026-05-04T08:32:40Z
045306,苦菜(节节花，拒马菜),蔬菜,嫩茎叶花菜类,蔬菜类及其制品,46.0,2.8,10.0,0.6,5.4,45.0,0.09,0.11,19.0,2.93,8.7,180.0,66.0,9.4,0.86,1.0,False,2026-05-04T08:32:40Z
045322,茴香(鲜)(小茴香),蔬菜,嫩茎叶花菜类,蔬菜类及其制品,27.0,2.5,4.2,0.4,1.6,201.0,0.06,0.09,26.0,0.94,186.3,149.0,154.0,1.2,0.73,0.86,True,2026-05-04T08:32:40Z
045323,荠菜(鲜)(蓟菜，菱角菜),蔬菜,嫩茎叶花菜类,蔬菜类及其制品,31.0,2.9,4.7,0.4,1.7,216.0,0.04,0.15,43.0,1.01,31.6,280.0,294.0,5.4,0.68,0.88,True,2026-05-04T08:32:40Z
045324,莴笋(鲜)(莴苣),蔬菜,嫩茎叶花菜类,蔬菜类及其制品,15.0,1.0,2.8,0.1,0.6,13.0,0.02,0.02,4.0,0.19,36.5,212.0,23.0,0.9,0.33,0.62,True,2026-05-04T08:32:40Z
045336,莴笋叶(莴苣菜),蔬菜,嫩茎叶花菜类,蔬菜类及其制品,15.0,1.0,2.9,0.2,,2.0,0.03,0.0,0.0,0.0,,305.0,9.0,0.19,0.21,1.0,False,2026-05-04T08:32:40Z
045413,菊苣,蔬菜,嫩茎叶花菜类,蔬菜类及其制品,19.0,1.3,3.4,0.2,0.9,103.0,0.08,0.08,7.0,,15.0,22.0,28.0,0.79,,1.0,False,2026-05-04T08:32:40Z
045337,菜(空心菜、藤藤菜),蔬菜,嫩茎叶花菜类,蔬菜类及其制品,19.0,2.2,4.0,0.2,,143.0,0.03,0.05,5.0,0.1,46.0,,,0.27,,1.0,False,2026-05-04T08:32:40Z
045216,菜花(白色)(花椰菜),蔬菜,嫩茎叶花菜类,蔬菜类及其制品,20.0,1.7,4.2,0.2,2.1,1.0,0.04,0.04,32.0,0.0,39.2,206.0,31.0,0.4,0.17,0.82,True,2026-05-04T08:32:40Z
045203,菜花(脱水)(脱水花椰菜),蔬菜,嫩茎叶花菜类,蔬菜类及其制品,312.0,6.5,76.8,0.6,13.2,,0.21,0.18,82.0,,264.3,554.0,185.0,6.4,2.15,1.0,False,2026-05-04T08:32:40Z
045302,菠菜(脱水),蔬菜,嫩茎叶花菜类,蔬菜类及其制品,308.0,6.4,75.7,0.6,12.7,199.0,0.2,0.18,82.0,7.73,242.0,919.0,411.0,25.9,3.91,1.0,False,2026-05-04T08:32:40Z
045301,菠菜(鲜)(赤根菜),蔬菜,嫩茎叶花菜类,蔬菜类及其制品,28.0,2.6,4.5,0.3,1.7,243.0,0.04,0.11,32.0,1.74,85.2,311.0,66.0,2.9,0.85,0.89,True,2026-05-04T08:32:40Z
045309,萝卜缨(小萝卜),蔬菜,嫩茎叶花菜类,蔬菜类及其制品,23.0,1.6,4.1,0.3,1.4,59.0,0.03,0.13,51.0,0.87,43.1,101.0,238.0,0.2,0.29,0.93,True,2026-05-04T08:32:40Z
045307,萝卜缨(白),蔬菜,嫩茎叶花菜类,蔬菜类及其制品,17.0,2.6,1.7,0.3,1.4,,0.02,,77.0,,,,,,,1.0,False,2026-05-04T08:32:40Z
045308,萝卜缨(青),蔬菜,嫩茎叶花菜类,蔬菜类及其制品,38.0,3.1,7.6,0.1,2.9,17.0,0.07,0.08,41.0,0.48,91.4,424.0,110.0,1.4,0.3,1.0,False,2026-05-04T08:32:40Z
045310,落葵(木耳菜，软浆菜),蔬菜,嫩茎叶花菜类,蔬菜类及其制品,23.0,1.6,4.3,0.3,1.5,168.0,0.06,0.06,34.0,1.66,47.2,140.0,166.0,3.2,0.32,0.76,True,2026-05-04T08:32:40Z
045321,蒿蒿(鲜)(蓬蒿菜，艾菜),蔬菜,嫩茎叶花菜类,蔬菜类及其制品,24.0,1.9,3.9,0.3,1.2,126.0,0.04,0.09,18.0,0.92,161.3,220.0,73.0,2.5,0.35,0.82,True,2026-05-04T08:32:40Z
045217,西兰花(绿菜花),蔬菜,嫩茎叶花菜类,蔬菜类及其制品,27.0,3.5,3.7,0.6,,13.0,0.06,0.08,56.0,0.76,46.7,179.0,50.0,0.9,0.46,0.83,True,2026-05-04T08:32:40Z
045332,西芹(西洋芹菜，美芹),蔬菜,嫩茎叶花菜类,蔬菜类及其制品,17.0,0.6,4.8,0.1,2.2,2.0,0.01,0.03,4.0,0.0,313.3,15.0,36.0,0.2,0.1,0.85,True,2026-05-04T08:32:40Z
045338,观达菜(根达菜、牛皮菜),蔬菜,嫩茎叶花菜类,蔬菜类及其制品,23.0,1.9,4.5,0.3,2.8,39.0,0.01,0.24,6.4,0.5,64.0,220.0,17.0,0.18,1.4,1.0,False,2026-05-04T08:32:40Z
045418,软化白菊苣,蔬菜,嫩茎叶花菜类,蔬菜类及其制品,17.0,1.5,3.1,0.2,,1.0,0.04,0.02,1.0,0.14,20.0,33.6,53.0,0.24,0.21,0.97,True,2026-05-04T08:32:40Z
045119,酸白菜(酸菜),蔬菜,嫩茎叶花菜类,蔬菜类及其制品,10.0,0.7,2.6,0.2,,,0.01,0.01,,,21.0,43.1,48.0,0.03,0.16,1.0,False,2026-05-04T08:32:40Z
045412,金针菜(鲜)(黄花菜),蔬菜,嫩茎叶花菜类,蔬菜类及其制品,214.0,19.4,34.9,1.4,7.7,153.0,0.05,0.21,10.0,4.92,85.0,59.2,216.0,3.99,4.22,0.98,True,2026-05-04T08:32:40Z
045403,鞭笋(鲜)(马鞭笋),蔬菜,嫩茎叶花菜类,蔬菜类及其制品,24.0,2.6,6.7,0.0,6.6,,0.05,0.09,7.0,,13.0,4.6,49.0,0.64,0.44,0.45,True,2026-05-04T08:32:40Z
045318,香菜 (脱水),蔬菜,嫩茎叶花菜类,蔬菜类及其制品,310.0,7.4,71.2,1.3,8.2,236.0,0.17,0.28,75.0,22.15,1217.5,1031.0,1723.0,22.3,1.71,1.0,False,2026-05-04T08:32:40Z
045317,香菜(鲜)(荒萎),蔬菜,嫩茎叶花菜类,蔬菜类及其制品,33.0,1.8,6.2,0.4,1.2,97.0,0.04,0.14,48.0,0.8,48.5,272.0,101.0,2.9,0.45,0.81,True,2026-05-04T08:32:40Z
045122,鸡毛菜,蔬菜,嫩茎叶花菜类,蔬菜类及其制品,19.0,2.7,2.6,0.2,,69.0,,0.09,24.0,0.3,62.7,230.0,78.0,2.1,0.31,1.0,False,2026-05-04T08:32:40Z
045406,黑笋(干),蔬菜,嫩茎叶花菜类,蔬菜类及其制品,268.0,17.6,57.5,2.4,27.2,,,0.41,0.0,,82.0,6.2,426.0,7.6,4.2,0.76,True,2026-05-04T08:32:40Z
041109,小水萝卜(算盘子，红皮萝卜),蔬菜,根菜类,蔬菜类及其制品,21.0,1.1,4.2,0.2,1.0,2.0,0.02,0.04,22.0,0.78,33.5,286.0,32.0,0.4,0.21,0.66,True,2026-05-04T08:32:40Z
041402,根芹(根洋芹、球根塘蒿),蔬菜,根菜类,蔬菜类及其制品,38.0,2.2,10.0,0.1,4.6,2.0,0.04,0.07,1.0,0.0,75.9,441.0,79.0,0.5,0.58,0.67,True,2026-05-04T08:32:40Z
041115,樱桃萝卜,蔬菜,根菜类,蔬菜类及其制品,12.0,0.9,3.0,0.1,,2.0,0.01,0.03,14.0,0.0,82.6,202.0,18.0,0.4,0.18,0.46,True,2026-05-04T08:32:40Z
041108,水萝(脆萝),蔬菜,根菜类,蔬菜类及其制品,22.0,0.8,5.5,0.0,1.4,21.0,0.03,0.05,45.0,,9.7,,,,0.49,0.93,True,2026-05-04T08:32:40Z
041401,甜菜根(鲜)甜菜头，糖萝卜),蔬菜,根菜类,蔬菜类及其制品,87.0,1.0,23.5,0.1,5.9,,0.05,0.04,8.0,1.85,20.8,254.0,56.0,0.9,0.31,0.9,True,2026-05-04T08:32:40Z
041112,白萝卜 (圆),蔬菜,根菜类,蔬菜类及其制品,16.0,0.7,3.6,0.2,1.0,0.0,0.02,0.01,16.0,0.0,117.5,14.0,25.0,0.3,0.12,0.94,True,2026-05-04T08:32:40Z
041101,白萝卜(鲜)(莱),蔬菜,根菜类,蔬菜类及其制品,16.0,0.7,4.0,0.1,,0.0,,0.01,19.0,0.0,54.3,167.0,47.0,,0.12,0.95,True,2026-05-04T08:32:40Z
041403,紫菜头,蔬菜,根菜类,蔬菜类及其制品,42.0,1.8,10.6,0.2,4.2,0.0,0.02,0.03,,0.0,306.0,26.0,16.0,0.5,0.31,0.89,True,2026-05-04T08:32:40Z
041105,红心萝卜(心里美),蔬菜,根菜类,蔬菜类及其制品,41.0,1.2,9.8,0.0,1.4,7.0,0.02,0.02,20.0,,49.1,385.0,86.0,0.9,0.74,0.94,True,2026-05-04T08:32:40Z
041110,红心萝卜(心里美),蔬菜,根菜类,蔬菜类及其制品,23.0,0.8,4.9,0.2,0.8,1.0,0.02,0.04,23.0,,85.4,116.0,68.0,0.5,0.17,,False,2026-05-04T08:32:40Z
041103,红旦旦萝卜(樱桃萝下，小水萝),蔬菜,根菜类,蔬菜类及其制品,19.0,0.8,4.3,0.0,0.8,0.0,0.01,,4.0,1.11,20.1,63.0,9.0,2.9,0.32,0.95,True,2026-05-04T08:32:40Z
041104,红萝卜(萝),蔬菜,根菜类,蔬菜类及其制品,22.0,1.0,4.6,0.1,0.8,0.0,0.05,0.02,3.0,1.2,62.7,110.0,11.0,2.8,0.69,0.97,True,2026-05-04T08:32:40Z
041204,胡萝卜,蔬菜,根菜类,蔬菜类及其制品,32.0,1.0,8.1,0.2,,342.0,,0.02,9.0,0.31,120.7,119.0,27.0,0.3,0.22,0.97,True,2026-05-04T08:32:40Z
041203,胡萝卜 (脱水),蔬菜,根菜类,蔬菜类及其制品,333.0,4.2,77.9,1.9,6.4,1438.0,0.12,0.15,32.0,,300.7,1117.0,458.0,8.5,1.85,1.0,False,2026-05-04T08:32:40Z
041202,胡萝卜 (黄),蔬菜,根菜类,蔬菜类及其制品,46.0,1.4,10.2,0.2,1.3,344.0,0.04,0.04,16.0,,25.1,193.0,32.0,0.5,0.14,0.97,True,2026-05-04T08:32:40Z
041201,胡萝卜(红)(金笋，丁香萝卜),蔬菜,根菜类,蔬菜类及其制品,39.0,1.0,8.8,0.2,1.1,344.0,0.04,0.03,13.0,0.41,71.4,190.0,32.0,1.0,0.23,0.96,True,2026-05-04T08:32:40Z
041301,芥菜头(大头菜，水芥),蔬菜,根菜类,蔬菜类及其制品,36.0,1.9,7.4,0.2,1.4,,0.06,0.02,34.0,0.2,65.6,243.0,65.0,0.8,0.39,0.83,True,2026-05-04T08:32:40Z
041106,花叶萝卜,蔬菜,根菜类,蔬菜类及其制品,48.0,1.2,11.5,,2.1,0.0,0.01,0.02,3.0,0.4,47.2,104.0,16.0,3.1,0.74,0.85,True,2026-05-04T08:32:40Z
041102,萝卜(红皮萝卜),蔬菜,根菜类,蔬菜类及其制品,18.0,0.8,4.2,0.1,1.1,0.0,0.01,0.02,5.6,0.0,111.2,16.0,39.0,0.3,0.23,0.96,True,2026-05-04T08:32:40Z
041302,蓝(玉蔓菁，球茎甘蓝， 大头菜),蔬菜,根菜类,蔬菜类及其制品,32.0,1.3,7.0,0.2,1.3,2.0,0.04,0.02,41.0,0.13,29.8,190.0,25.0,0.3,0.17,0.78,True,2026-05-04T08:32:40Z
041113,青萝卜,蔬菜,根菜类,蔬菜类及其制品,29.0,1.2,6.9,0.2,,7.0,0.01,0.02,7.0,0.0,56.0,248.0,47.0,0.3,0.16,0.95,True,2026-05-04T08:32:40Z
046001,慈姑(鲜)(乌芋，白地果),蔬菜,水生蔬菜类,蔬菜类及其制品,97.0,4.6,19.9,0.2,1.4,,0.14,0.07,4.0,2.16,39.1,707.0,14.0,2.2,0.99,0.89,True,2026-05-04T08:32:40Z
046006,水芹菜,蔬菜,水生蔬菜类,蔬菜类及其制品,13.0,1.4,1.8,0.2,0.9,63.0,0.01,0.19,5.0,0.32,40.9,212.0,38.0,6.9,0.38,0.6,True,2026-05-04T08:32:40Z
046011,红菱,蔬菜,水生蔬菜类,蔬菜类及其制品,165.0,5.7,40.9,0.3,,,,,,,18.0,323.0,51.0,1.3,1.25,0.54,True,2026-05-04T08:32:40Z
046008,荸荠(鲜)(马蹄，地栗),蔬菜,水生蔬菜类,蔬菜类及其制品,61.0,1.2,14.2,0.2,1.1,3.0,0.02,0.02,7.0,0.65,15.7,306.0,4.0,0.6,0.34,0.78,True,2026-05-04T08:32:40Z
046009,莼菜(瓶装)(花案菜),蔬菜,水生蔬菜类,蔬菜类及其制品,21.0,1.4,3.8,0.1,0.5,55.0,,0.01,0.0,0.9,7.9,2.0,42.0,2.4,0.67,1.0,False,2026-05-04T08:32:40Z
046007,菱白(鲜)(芡笋，荧粑),蔬菜,水生蔬菜类,蔬菜类及其制品,26.0,1.2,5.9,0.2,1.9,5.0,0.02,0.03,5.0,0.99,5.8,209.0,4.0,0.4,0.33,0.74,True,2026-05-04T08:32:40Z
046003,菱角(老，鲜)(龙角),蔬菜,水生蔬菜类,蔬菜类及其制品,101.0,4.5,21.4,0.1,1.7,1.0,0.19,0.06,13.0,,5.8,437.0,7.0,0.6,0.62,0.57,True,2026-05-04T08:32:40Z
046005,蒲菜(鲜(香蒲，甘蒲，野苓白),蔬菜,水生蔬菜类,蔬菜类及其制品,14.0,1.2,2.4,0.1,0.9,1.0,0.03,0.04,6.0,,,,53.0,0.2,,0.12,True,2026-05-04T08:32:40Z
046010,藕(莲藕),蔬菜,水生蔬菜类,蔬菜类及其制品,47.0,1.2,11.5,0.2,2.2,0.0,0.04,0.01,19.0,0.32,34.3,293.0,18.0,0.3,0.24,0.88,True,2026-05-04T08:32:40Z
046002,豆瓣菜(鲜)西洋菜，水田芥),蔬菜,水生蔬菜类,蔬菜类及其制品,20.0,2.9,1.5,0.5,1.2,796.0,0.01,0.11,52.0,0.59,61.2,179.0,30.0,1.0,0.69,0.73,True,2026-05-04T08:32:40Z
043228,丝瓜,蔬菜,茄果瓜菜类,蔬菜类及其制品,20.0,1.3,4.0,0.2,,13.0,0.02,0.04,4.0,0.08,3.7,121.0,37.0,0.3,0.22,0.83,True,2026-05-04T08:32:40Z
043205,佛手瓜(棒瓜，菜肴梨),蔬菜,茄果瓜菜类,蔬菜类及其制品,18.0,,1.2,3.8,0.0,20.0,0.1,,8.0,,,76.0,17.0,0.08,1.45,1.0,False,2026-05-04T08:32:40Z
043221,冬瓜,蔬菜,茄果瓜菜类,蔬菜类及其制品,10.0,0.3,,,0.0,0.0,0.0,,16.0,0.04,10.0,,12.0,0.1,0.02,0.8,True,2026-05-04T08:32:40Z
043227,南瓜 (栗面),蔬菜,茄果瓜菜类,蔬菜类及其制品,36.0,1.4,8.8,0.1,2.6,127.0,0.03,0.04,5.0,1.92,11.0,445.0,16.0,0.4,0.22,0.74,True,2026-05-04T08:32:40Z
043213,南瓜(鲜)(倭瓜，番瓜),蔬菜,茄果瓜菜类,蔬菜类及其制品,23.0,,0.8,5.3,0.0,890.0,0.04,,8.0,0.36,,145.0,16.0,0.14,0.46,0.85,True,2026-05-04T08:32:40Z
043214,南瓜粉,蔬菜,茄果瓜菜类,蔬菜类及其制品,343.0,7.1,11.5,,0.0,60.0,0.7,,7.0,26.61,18.0,,171.0,1.4,2.3,1.0,False,2026-05-04T08:32:40Z
043107,奶柿子(西红柿),蔬菜,茄果瓜菜类,蔬菜类及其制品,14.0,0.6,3.2,0.1,0.8,44.0,0.05,0.02,8.0,1.31,8.3,163.0,15.0,0.4,0.14,1.0,False,2026-05-04T08:32:40Z
043220,小西胡瓜,蔬菜,茄果瓜菜类,蔬菜类及其制品,22.0,,,4.8,0.0,,0.01,,,,0.0,1.7,5.0,0.1,1.0,0.79,True,2026-05-04T08:32:40Z
043125,彩椒,蔬菜,茄果瓜菜类,蔬菜类及其制品,26.0,,,6.4,0.0,794.0,0.05,,104.0,1.6,18.0,6.8,,0.18,0.12,0.83,True,2026-05-04T08:32:40Z
043204,方瓜,蔬菜,茄果瓜菜类,蔬菜类及其制品,14.0,,0.6,3.1,0.0,140.0,0.01,,2.0,0.37,,4.0,40.0,0.97,0.31,0.82,True,2026-05-04T08:32:40Z
043120,樱桃番茄(小西红柿),蔬菜,茄果瓜菜类,蔬菜类及其制品,25.0,1.0,5.8,0.2,,28.0,0.03,0.02,3.0,0.98,10.0,262.0,6.0,0.3,0.2,0.98,True,2026-05-04T08:32:40Z
043124,甜椒(灯笼椒、柿子椒),蔬菜,茄果瓜菜类,蔬菜类及其制品,18.0,,,3.8,0.0,76.0,0.02,,130.0,0.41,,,,,0.38,0.82,True,2026-05-04T08:32:40Z
043112,甜椒(脱水),蔬菜,茄果瓜菜类,蔬菜类及其制品,324.0,7.6,76.6,0.4,8.3,1409.0,0.23,0.18,846.0,6.05,26.0,1443.0,130.0,7.4,1.65,1.0,False,2026-05-04T08:32:40Z
043106,番茄 (整个，罐头),蔬菜,茄果瓜菜类,蔬菜类及其制品,22.0,2.0,2.6,0.6,0.8,96.0,0.03,0.02,5.0,1.66,246.9,197.0,31.0,0.4,0.24,1.0,False,2026-05-04T08:32:40Z
043119,番茄(西红柿),蔬菜,茄果瓜菜类,蔬菜类及其制品,15.0,0.9,3.3,0.2,,31.0,0.02,0.01,14.0,0.42,9.7,179.0,4.0,0.2,0.12,0.97,True,2026-05-04T08:32:40Z
043201,白瓜,蔬菜,茄果瓜菜类,蔬菜类及其制品,12.0,,0.9,2.6,0.0,,0.04,,16.0,0.2,,70.0,6.0,0.04,1.1,0.83,True,2026-05-04T08:32:40Z
043126,秋葵(黄秋葵、羊角豆),蔬菜,茄果瓜菜类,蔬菜类及其制品,25.0,,1.8,6.2,0.0,238.0,0.05,,7.2,0.0,,19.0,101.0,0.24,0.54,0.98,True,2026-05-04T08:32:40Z
043226,秋黄瓜(旱黄瓜),蔬菜,茄果瓜菜类,蔬菜类及其制品,14.0,0.9,2.5,0.2,,3.0,0.02,0.01,,0.0,2.2,141.0,9.0,0.2,0.17,0.92,True,2026-05-04T08:32:40Z
043217,笋瓜(生瓜),蔬菜,茄果瓜菜类,蔬菜类及其制品,13.0,0.5,0.7,,0.0,100.0,0.02,,5.0,0.29,7.0,,14.0,0.09,,0.91,True,2026-05-04T08:32:40Z
043209,节瓜(毛瓜),蔬菜,茄果瓜菜类,蔬菜类及其制品,14.0,,1.2,3.4,0.0,,0.05,,39.0,0.27,,40.0,4.0,0.08,0.26,0.92,True,2026-05-04T08:32:40Z
043212,苦瓜(鲜)(凉瓜，癫瓜),蔬菜,茄果瓜菜类,蔬菜类及其制品,22.0,,1.4,4.9,0.0,100.0,0.03,,56.0,0.85,,256.0,14.0,0.36,0.36,0.81,True,2026-05-04T08:32:40Z
043101x,茄子 (代表值),蔬菜,茄果瓜菜类,蔬菜类及其制品,23.0,1.1,,,1.3,4.0,,0.04,5.0,1.13,5.4,142.0,24.0,0.5,0.23,0.93,True,2026-05-04T08:32:40Z
043115,茄子 (白皮、长),蔬菜,茄果瓜菜类,蔬菜类及其制品,21.0,1.3,5.5,0.1,,1.0,0.05,0.03,,0.0,1.9,238.0,10.0,0.5,0.2,0.97,True,2026-05-04T08:32:40Z
043117,茄子 (紫皮、圆),蔬菜,茄果瓜菜类,蔬菜类及其制品,23.0,0.8,5.3,0.2,,2.0,0.03,0.02,,0.0,4.6,153.0,7.0,0.3,0.12,0.98,True,2026-05-04T08:32:40Z
043102,茄子 (绿皮),蔬菜,茄果瓜菜类,蔬菜类及其制品,28.0,1.0,5.2,0.6,1.2,10.0,,0.2,7.0,0.55,6.8,162.0,12.0,0.1,0.24,0.9,True,2026-05-04T08:32:40Z
043103,茄子(圆),蔬菜,茄果瓜菜类,蔬菜类及其制品,32.0,1.6,6.7,0.2,1.7,0.0,0.03,0.03,1.0,0.88,3.2,112.0,5.0,1.8,0.29,0.95,True,2026-05-04T08:32:40Z
043116,茄子(紫皮、长),蔬菜,茄果瓜菜类,蔬菜类及其制品,18.0,1.1,4.8,0.1,,,0.03,0.03,,0.0,5.0,147.0,50.0,0.5,0.2,0.95,True,2026-05-04T08:32:40Z
043202,菜瓜(生瓜，白瓜),蔬菜,茄果瓜菜类,蔬菜类及其制品,19.0,,0.4,3.9,0.0,20.0,0.01,,12.0,0.03,,,20.0,0.1,0.63,0.88,True,2026-05-04T08:32:40Z
043113,葫子,蔬菜,茄果瓜菜类,蔬菜类及其制品,29.0,0.7,6.8,0.1,0.9,82.0,0.01,0.06,29.0,1.14,1.2,73.0,49.0,0.0,0.56,0.85,True,2026-05-04T08:32:40Z
043206,葫芦(长瓜，蒲瓜，弧瓜),蔬菜,茄果瓜菜类,蔬菜类及其制品,16.0,,0.8,3.5,0.0,40.0,0.01,,11.0,,7.0,,16.0,0.14,0.49,0.87,True,2026-05-04T08:32:40Z
043207,葫芦条(干),蔬菜,茄果瓜菜类,蔬菜类及其制品,256.0,,18.1,64.6,0.0,,0.03,,,,80.0,,114.0,2.8,1.7,1.0,False,2026-05-04T08:32:40Z
043215,蛇瓜(蛇豆，大豆角),蔬菜,茄果瓜菜类,蔬菜类及其制品,18.0,1.5,2.0,,0.0,20.0,0.03,,4.0,,,763.0,191.0,0.42,0.3,0.89,True,2026-05-04T08:32:40Z
043218,西葫芦,蔬菜,茄果瓜菜类,蔬菜类及其制品,19.0,0.8,0.6,,0.0,30.0,0.03,,6.0,0.34,9.0,5.0,,0.12,0.28,0.73,True,2026-05-04T08:32:40Z
043108,辣椒 (红，尖，干),蔬菜,茄果瓜菜类,蔬菜类及其制品,295.0,15.0,52.7,12.0,41.7,,0.53,0.16,,8.76,4.0,1085.0,12.0,6.0,8.21,0.88,True,2026-05-04T08:32:40Z
043123,辣椒 (青、尖),蔬菜,茄果瓜菜类,蔬菜类及其制品,22.0,,,5.2,0.0,98.0,0.02,,59.0,0.38,,154.0,11.0,0.21,0.02,0.91,True,2026-05-04T08:32:40Z
043121,辣椒(小红尖辣椒),蔬菜,茄果瓜菜类,蔬菜类及其制品,62.0,4.1,17.7,0.4,11.8,,0.16,0.16,86.0,8.11,11.5,18.0,29.0,0.6,0.33,0.89,True,2026-05-04T08:32:40Z
043122,辣椒(小红尖辣椒、干),蔬菜,茄果瓜菜类,蔬菜类及其制品,,15.4,,,,281.0,0.48,0.71,,,55.7,991.0,152.0,6.9,1.01,0.88,True,2026-05-04T08:32:40Z
043109,辣椒(红，小),蔬菜,茄果瓜菜类,蔬菜类及其制品,38.0,1.3,8.9,0.4,3.2,116.0,0.03,0.06,144.0,0.44,2.6,222.0,37.0,1.4,0.3,0.8,True,2026-05-04T08:32:40Z
043225,迷你黄瓜(荷兰乳黄瓜),蔬菜,茄果瓜菜类,蔬菜类及其制品,14.0,1.0,2.5,0.2,,3.0,0.02,0.02,,0.0,2.2,173.0,20.0,0.3,0.17,0.92,True,2026-05-04T08:32:40Z
043211,金丝瓜(裸瓣瓜),蔬菜,茄果瓜菜类,蔬菜类及其制品,38.0,,0.8,2.2,0.0,10.0,0.03,,1.0,0.01,,90.0,25.0,1.77,0.76,0.8,True,2026-05-04T08:32:40Z
043210,金瓜,蔬菜,茄果瓜菜类,蔬菜类及其制品,15.0,,0.7,3.4,0.0,60.0,0.02,,2.0,0.43,,,17.0,0.17,0.28,0.82,True,2026-05-04T08:32:40Z
043219,面西胡瓜,蔬菜,茄果瓜菜类,蔬菜类及其制品,10.0,0.8,,,0.0,580.0,0.02,,,,12.0,,14.0,0.25,0.1,0.88,True,2026-05-04T08:32:40Z
043222,飞碟瓜,蔬菜,茄果瓜菜类,蔬菜类及其制品,18.0,,,4.4,1.6,4.0,,0.02,3.0,0.12,4.3,119.0,32.0,0.4,0.2,0.91,True,2026-05-04T08:32:40Z
043118,香瓜茄,蔬菜,茄果瓜菜类,蔬菜类及其制品,21.0,0.6,5.5,0.0,0.6,2.0,0.03,0.02,60.0,0.0,3.8,17.0,10.0,0.2,0.08,0.96,True,2026-05-04T08:32:40Z
043208,黄瓜(鲜)(胡瓜),蔬菜,茄果瓜菜类,蔬菜类及其制品,16.0,,0.5,2.9,0.0,90.0,0.03,,9.0,0.49,,102.0,24.0,0.18,0.38,0.92,True,2026-05-04T08:32:40Z
043224,黄茎瓜(小南瓜),蔬菜,茄果瓜菜类,蔬菜类及其制品,19.0,1.2,2.0,0.9,0.7,57.0,0.03,0.02,0.0,0.2,,,,,0.29,1.0,False,2026-05-04T08:32:40Z
043223,黄金西葫芦,蔬菜,茄果瓜菜类,蔬菜类及其制品,17.0,1.8,3.6,0.1,,14.0,0.01,0.03,13.3,0.13,3.0,20.0,33.0,0.4,0.22,0.91,True,2026-05-04T08:32:40Z
044501,(皎头),蔬菜,葱蒜类,蔬菜类及其制品,1.0,,,,0.3,280.0,,,27.0,0.11,0.0,120.0,160.0,3.6,0.58,,False,2026-05-04T08:32:40Z
044203,分葱(四季葱，菜葱),蔬菜,葱蒜类,蔬菜类及其制品,34.0,2.2,5.1,0.7,0.7,,,0.18,24.0,,7.7,226.0,85.0,0.9,,1.0,False,2026-05-04T08:32:40Z
044206,大葱,蔬菜,葱蒜类,蔬菜类及其制品,28.0,1.6,5.8,0.3,2.2,5.0,0.06,0.03,3.0,0.0,8.9,110.0,63.0,0.6,0.29,0.82,True,2026-05-04T08:32:40Z
044202,大葱 (红皮),蔬菜,葱蒜类,蔬菜类及其制品,49.0,2.4,10.2,0.1,1.3,4.0,0.01,0.12,8.0,,3.4,329.0,24.0,0.0,0.13,0.68,True,2026-05-04T08:32:40Z
044101,大蒜(白皮，鲜)(蒜头),蔬菜,葱蒜类,蔬菜类及其制品,128.0,4.5,27.6,0.2,1.1,3.0,0.04,0.06,7.0,1.07,19.6,302.0,39.0,1.2,,0.85,True,2026-05-04T08:32:40Z
044103,大蒜(紫皮，鲜)(蒜头),蔬菜,葱蒜类,蔬菜类及其制品,139.0,5.2,29.6,0.2,1.2,2.0,0.29,0.06,7.0,0.68,8.3,437.0,10.0,1.3,0.64,0.89,True,2026-05-04T08:32:40Z
044102,大蒜(脱水),蔬菜,葱蒜类,蔬菜类及其制品,348.0,13.2,75.4,0.3,4.5,,0.29,,79.0,,36.8,798.0,65.0,6.6,1.98,1.0,False,2026-05-04T08:32:40Z
044302,洋葱(白皮，脱水),蔬菜,葱蒜类,蔬菜类及其制品,342.0,5.5,81.9,0.4,5.7,3.0,0.16,0.16,22.0,,31.7,740.0,186.0,0.9,1.02,1.0,False,2026-05-04T08:32:40Z
044303,洋葱(紫皮，脱水),蔬菜,葱蒜类,蔬菜类及其制品,339.0,,80.6,0.4,7.5,2.0,0.2,0.14,5.0,,77.4,912.0,351.0,6.2,1.13,1.0,False,2026-05-04T08:32:40Z
044301,洋葱(鲜)(葱头),蔬菜,葱蒜类,蔬菜类及其制品,40.0,1.1,9.0,0.2,0.9,2.0,0.03,0.03,8.0,0.14,4.4,147.0,24.0,0.6,0.23,0.9,True,2026-05-04T08:32:40Z
044502,白(鲜)(小根蒜，山蒜，团蒜),蔬菜,葱蒜类,蔬菜类及其制品,124.0,3.4,27.1,0.4,0.9,8.0,0.08,0.14,36.0,,,,100.0,4.6,,1.0,False,2026-05-04T08:32:40Z
044207,细香葱(香葱、四季葱),蔬菜,葱蒜类,蔬菜类及其制品,28.0,1.4,6.6,0.3,,10.0,0.03,0.05,9.0,0.18,13.6,123.0,72.0,1.3,0.22,0.89,True,2026-05-04T08:32:40Z
044205,葱 (小葱，鲜),蔬菜,葱蒜类,蔬菜类及其制品,27.0,1.6,4.9,0.4,1.4,70.0,0.05,0.06,21.0,0.49,10.4,143.0,72.0,1.3,0.35,0.73,True,2026-05-04T08:32:40Z
044107,蒜墓(圆),蔬菜,葱蒜类,蔬菜类及其制品,66.0,2.0,15.4,0.1,2.5,40.0,0.04,0.07,1.0,1.04,3.8,161.0,19.0,4.2,1.04,0.9,True,2026-05-04T08:32:40Z
044106,蒜苗(绿色，青蒜),蔬菜,葱蒜类,蔬菜类及其制品,40.0,2.1,8.0,0.4,1.8,23.0,0.11,0.08,35.0,0.81,5.1,226.0,29.0,1.4,0.46,0.82,True,2026-05-04T08:32:40Z
044105,蒜黄(黄色),蔬菜,葱蒜类,蔬菜类及其制品,24.0,2.5,3.8,0.2,1.4,23.0,0.05,0.07,18.0,0.52,7.8,168.0,24.0,1.3,0.33,0.97,True,2026-05-04T08:32:40Z
044104,青蒜 (青葱),蔬菜,葱蒜类,蔬菜类及其制品,34.0,2.4,6.2,0.3,1.7,49.0,0.06,0.04,16.0,0.8,9.3,168.0,24.0,0.8,0.23,0.84,True,2026-05-04T08:32:40Z
044403,韭墓,蔬菜,葱蒜类,蔬菜类及其制品,37.0,2.2,7.8,0.1,1.9,40.0,,0.07,1.0,0.96,1.0,121.0,11.0,4.2,,0.85,True,2026-05-04T08:32:40Z
044404,韭菜,蔬菜,葱蒜类,蔬菜类及其制品,25.0,2.4,4.5,0.4,,133.0,0.04,0.05,2.0,0.57,5.8,241.0,44.0,0.7,,0.9,True,2026-05-04T08:32:40Z
044402,韭黄(韭芽，黄色),蔬菜,葱蒜类,蔬菜类及其制品,24.0,2.3,,,1.2,22.0,,0.05,15.0,0.34,6.9,192.0,25.0,1.7,0.33,0.88,True,2026-05-04T08:32:40Z
047101,大薯(鲜)(参薯),蔬菜,薯芋类,蔬菜类及其制品,108.0,2.1,24.9,0.2,1.1,,0.05,,,0.25,,0.0,10.0,0.38,0.74,0.74,True,2026-05-04T08:32:40Z
047303,姜(子姜，鲜)(嫩姜),蔬菜,薯芋类,蔬菜类及其制品,21.0,0.7,3.7,0.6,0.9,,,0.01,2.0,,160.0,11.0,,24.0,0.8,0.82,True,2026-05-04T08:32:40Z
047302,姜(干),蔬菜,薯芋类,蔬菜类及其制品,308.0,9.1,64.0,5.7,17.7,,,0.1,,,41.0,22.0,,,85.0,0.95,True,2026-05-04T08:32:40Z
047301,姜(鲜)(黄姜),蔬菜,薯芋类,蔬菜类及其制品,46.0,1.3,10.3,0.6,2.7,14.0,0.02,0.03,4.0,,295.0,25.0,,44.0,1.4,0.95,True,2026-05-04T08:32:40Z
047105,山药(干),蔬菜,薯芋类,蔬菜类及其制品,327.0,9.4,70.8,1.0,1.4,0.0,0.25,0.28,,0.44,0.0,104.2,62.0,0.95,3.08,1.0,False,2026-05-04T08:32:40Z
047104,山药(鲜)(薯，大薯),蔬菜,薯芋类,蔬菜类及其制品,57.0,1.9,12.4,0.2,0.8,3.0,0.05,0.02,5.0,0.24,,213.0,16.0,0.27,0.55,0.83,True,2026-05-04T08:32:40Z
047202,槟榔芋 (鲜),蔬菜,薯芋类,蔬菜类及其制品,90.0,,,19.7,1.1,,0.03,0.04,6.0,,,,45.0,25.0,1.4,0.87,True,2026-05-04T08:32:40Z
047304,洋姜(鲜)(菊芋，鬼子姜),蔬菜,薯芋类,蔬菜类及其制品,64.0,2.4,15.8,0.0,4.3,,0.01,0.1,5.0,0.88,458.0,27.0,,24.0,7.2,1.0,False,2026-05-04T08:32:40Z
047204,芋头 (煮),蔬菜,薯芋类,蔬菜类及其制品,60.0,2.9,13.0,0.1,0.3,0.0,0.06,0.03,0.0,,317.0,58.0,,,,1.0,False,2026-05-04T08:32:40Z
047203,芋头(芋书、毛芋),蔬菜,薯芋类,蔬菜类及其制品,56.0,1.3,12.7,0.2,1.0,1.0,0.05,0.02,1.5,0.0,25.0,50.0,0.0,19.0,0.3,0.88,True,2026-05-04T08:32:40Z
047103,葛(鲜)(葛署，粉葛),蔬菜,薯芋类,蔬菜类及其制品,150.0,2.2,36.1,0.2,2.4,,0.09,0.05,24.0,,,,48.0,,1.22,0.9,True,2026-05-04T08:32:40Z
047102,豆薯(鲜)(凉薯，地瓜，沙葛),蔬菜,薯芋类,蔬菜类及其制品,56.0,0.9,13.4,0.1,0.8,,0.03,0.03,13.0,0.86,,111.0,21.0,0.23,0.16,0.91,True,2026-05-04T08:32:40Z
048085,刺五加尖,蔬菜,野生蔬菜类,蔬菜类及其制品,69.0,,,10.2,0.0,,0.29,,11.5,,23.0,458.0,176.0,5.6,0.97,0.74,True,2026-05-04T08:32:40Z
048011,刺儿菜(鲜)(小蓟，蓟蓟菜),蔬菜,野生蔬菜类,蔬菜类及其制品,174.0,4.5,5.9,0.4,1.8,998.0,0.04,0.33,44.0,0.01,,,40.0,0.24,,1.0,False,2026-05-04T08:32:40Z
048012,刺楸(鲜),蔬菜,野生蔬菜类,蔬菜类及其制品,,,,,8.1,0.0,,,4.0,0.0,109.0,0.0,125.0,1.36,,1.0,False,2026-05-04T08:32:40Z
048037,喷瓜,蔬菜,野生蔬菜类,蔬菜类及其制品,,,,,0.3,30.0,,,17.0,1.23,22.0,2.9,35.0,0.28,,1.0,False,2026-05-04T08:32:40Z
048051,土三七(鲜)(景天三七),蔬菜,野生蔬菜类,蔬菜类及其制品,200.0,2.1,9.0,0.7,1.5,423.0,0.05,0.07,90.0,,,,315.0,3.2,,1.0,False,2026-05-04T08:32:40Z
048019,地笋(鲜(地古牛，地瓜儿苗叶),蔬菜,野生蔬菜类,蔬菜类及其制品,288.0,4.3,13.7,0.7,4.7,1055.0,0.04,0.25,7.0,,25.0,,62.0,0.93,,1.0,False,2026-05-04T08:32:40Z
048018,地肤(鲜)(益明，扫帚苗),蔬菜,野生蔬菜类,蔬菜类及其制品,273.0,5.2,10.4,0.8,2.2,953.0,0.15,0.31,39.0,,118.0,62.4,66.0,0.52,,1.0,False,2026-05-04T08:32:40Z
048054,夏枯草(鲜)(铁色草),蔬菜,野生蔬菜类,蔬菜类及其制品,265.0,2.5,12.7,0.7,1.9,627.0,,0.21,28.0,,,,,,,1.0,False,2026-05-04T08:32:40Z
048016,大巢菜(鲜)野茗子，野豌豆),蔬菜,野生蔬菜类,蔬菜类及其制品,264.0,3.8,13.6,0.5,5.5,,,,,,,,70.0,,,1.0,False,2026-05-04T08:32:40Z
048015,大玻璃草叶(鲜)(大车前),蔬菜,野生蔬菜类,蔬菜类及其制品,206.0,4.4,,,3.1,760.0,0.22,,6.0,,,,64.0,,,1.0,False,2026-05-04T08:32:40Z
048017,大蓟叶(鲜)(飞廉叶),蔬菜,野生蔬菜类,蔬菜类及其制品,158.0,1.5,5.5,1.4,1.4,508.0,,0.32,31.0,,,,,,,1.0,False,2026-05-04T08:32:40Z
048038,婆罗门参 (白，鲜),蔬菜,野生蔬菜类,蔬菜类及其制品,,,,,0.3,0.0,,,2.0,1.16,37.0,7.5,,0.48,,1.0,False,2026-05-04T08:32:40Z
048039,婆罗门参(黑，鲜)(鸦葱),蔬菜,野生蔬菜类,蔬菜类及其制品,,,,0.1,0.3,0.0,,,2.0,0.03,73.1,67.0,50.0,2.3,0.47,1.0,False,2026-05-04T08:32:40Z
048057,小旋花(鲜)(狗儿蔓),蔬菜,野生蔬菜类,蔬菜类及其制品,251.0,,15.4,0.5,3.1,880.0,0.02,0.59,54.0,,,,422.0,10.1,,1.0,False,2026-05-04T08:32:40Z
048046,山苦荚叶(鲜)(启明菜叶),蔬菜,野生蔬菜类,蔬菜类及其制品,139.0,2.2,5.6,0.4,0.8,663.0,0.1,0.27,28.0,,,,150.0,5.2,,1.0,False,2026-05-04T08:32:40Z
048009,扁蓄菜(鲜)(竹节草),蔬菜,野生蔬菜类,蔬菜类及其制品,313.0,6.0,12.4,0.6,2.1,1592.0,,0.58,158.0,,,,47.0,,,1.0,False,2026-05-04T08:32:40Z
048041,掐不齐(鲜)(鸡眼草，牛黄草),蔬菜,野生蔬菜类,蔬菜类及其制品,462.0,6.1,23.6,1.4,10.5,2100.0,,0.8,270.0,,,,,,,1.0,False,2026-05-04T08:32:40Z
048010,朝鲜蓟 (鲜),蔬菜,野生蔬菜类,蔬菜类及其制品,226.0,2.7,10.9,0.2,1.1,13.0,0.08,0.06,11.0,,47.0,164.5,88.0,0.44,,1.0,False,2026-05-04T08:32:40Z
048086,枸杞叶,蔬菜,野生蔬菜类,蔬菜类及其制品,34.0,3.0,,,0.0,,0.15,,24.0,,23.5,412.0,146.0,2.2,0.44,1.0,False,2026-05-04T08:32:40Z
048079,枸杞菜(鲜)(枸杞，地骨),蔬菜,野生蔬菜类,蔬菜类及其制品,197.0,,1.6,4.5,0.0,3550.0,0.32,,58.0,2.99,29.8,170.0,36.0,2.4,0.21,0.49,True,2026-05-04T08:32:40Z
048053,梧桐子(鲜)(瓢儿果),蔬菜,野生蔬菜类,蔬菜类及其制品,2341.0,23.6,30.1,38.8,2.2,,,,,,,,27.0,4.8,,1.0,False,2026-05-04T08:32:40Z
048065,榆钱(鲜),蔬菜,野生蔬菜类,蔬菜类及其制品,187.0,,4.3,7.6,0.0,730.0,0.12,,11.0,0.54,0.7,134.0,62.0,7.9,3.27,1.0,False,2026-05-04T08:32:40Z
048025,槐花(鲜)(洋槐花，豆槐花),蔬菜,野生蔬菜类,蔬菜类及其制品,344.0,3.1,17.0,0.7,2.2,67.0,0.04,0.18,30.0,,,,69.0,,,1.0,False,2026-05-04T08:32:40Z
048052,歪头菜(鲜)(草豆，二叶),蔬菜,野生蔬菜类,蔬菜类及其制品,308.0,2.5,17.9,0.3,5.4,905.0,,,118.0,,,,298.0,,,1.0,False,2026-05-04T08:32:40Z
048050,汤菜(鲜),蔬菜,野生蔬菜类,蔬菜类及其制品,99.0,1.8,3.4,0.5,0.8,68.0,,0.68,57.0,1.55,28.0,239.0,131.0,5.8,0.12,1.0,False,2026-05-04T08:32:40Z
048044,沙参叶 (鲜)(白参),蔬菜,野生蔬菜类,蔬菜类及其制品,390.0,0.8,21.6,1.6,5.4,978.0,,,104.0,,,,585.0,,,1.0,False,2026-05-04T08:32:40Z
048045,沙蓬子(鲜)(沙米),蔬菜,野生蔬菜类,蔬菜类及其制品,1459.0,21.5,50.6,8.1,6.3,,0.21,0.1,,,,,686.0,57.1,,1.0,False,2026-05-04T08:32:40Z
048080,浆草(鲜)酸酸草，酸溜溜),蔬菜,野生蔬菜类,蔬菜类及其制品,278.0,,,12.4,0.0,5240.0,0.31,,127.0,,,,27.0,5.6,,1.0,False,2026-05-04T08:32:40Z
048042,清明菜(鲜)(鼠曲菜),蔬菜,野生蔬菜类,蔬菜类及其制品,206.0,3.1,8.9,0.6,2.1,365.0,0.03,0.24,28.0,,,,218.0,7.4,,1.0,False,2026-05-04T08:32:40Z
048087,灰灰菜 (干，藜),蔬菜,野生蔬菜类,蔬菜类及其制品,,,,56.2,0.0,,0.3,,0.0,1.15,1271.9,2198.0,1489.0,10.3,,1.0,False,2026-05-04T08:32:40Z
048036,爬景天(鲜)(石头菜),蔬菜,野生蔬菜类,蔬菜类及其制品,87.0,0.6,3.5,0.7,0.9,105.0,0.08,0.14,18.0,,,,23.0,,,1.0,False,2026-05-04T08:32:40Z
048034,牛至,蔬菜,野生蔬菜类,蔬菜类及其制品,,,,,0.4,685.0,,,43.0,0.09,66.0,16.2,51.0,0.89,,1.0,False,2026-05-04T08:32:40Z
048035,牛蒡叶(鲜),蔬菜,野生蔬菜类,蔬菜类及其制品,174.0,4.7,5.1,0.8,2.4,650.0,0.02,0.29,25.0,,,,61.0,,,1.0,False,2026-05-04T08:32:40Z
048021,独行菜 (鲜),蔬菜,野生蔬菜类,蔬菜类及其制品,75.0,2.0,,,1.6,655.0,,,55.0,0.23,42.0,120.8,124.0,0.9,,1.0,False,2026-05-04T08:32:40Z
048022,独行菜(宽，鲜),蔬菜,野生蔬菜类,蔬菜类及其制品,,,,,1.7,595.0,,,45.0,0.27,38.0,142.5,119.0,1.21,,1.0,False,2026-05-04T08:32:40Z
048067,珍珠花菜,蔬菜,野生蔬菜类,蔬菜类及其制品,72.0,,0.0,,0.0,0.0,,,19.0,0.0,0.7,495.0,155.0,5.5,0.74,1.0,False,2026-05-04T08:32:40Z
048004,白沙蒿(鲜)(沙蒿),蔬菜,野生蔬菜类,蔬菜类及其制品,232.0,4.3,8.5,0.9,1.9,733.0,0.31,,8.0,,,,82.0,,,1.0,False,2026-05-04T08:32:40Z
048005,白沙蒿子(干)(沙蒿子),蔬菜,野生蔬菜类,蔬菜类及其制品,1722.0,27.9,41.0,15.1,,,0.13,0.11,,,,,757.0,,,1.0,False,2026-05-04T08:32:40Z
048003,白花桔梗,蔬菜,野生蔬菜类,蔬菜类及其制品,,,,,2.9,0.0,,,36.0,3.67,41.0,12.2,106.0,0.21,,1.0,False,2026-05-04T08:32:40Z
048002,白花菜,蔬菜,野生蔬菜类,蔬菜类及其制品,,,0.0,,0.0,0.0,,,12.0,0.0,33.0,215.7,6.0,0.18,,1.0,False,2026-05-04T08:32:40Z
048006,白薯叶(鲜)(甘薯叶),蔬菜,野生蔬菜类,蔬菜类及其制品,249.0,4.8,9.0,0.7,1.0,995.0,0.13,0.28,56.0,,66.0,41.6,40.0,0.32,,1.0,False,2026-05-04T08:32:40Z
048007,百里香 (鲜),蔬菜,野生蔬菜类,蔬菜类及其制品,,,,,0.2,585.0,,,0.0,0.11,104.0,36.4,42.0,0.72,,1.0,False,2026-05-04T08:32:40Z
048027,碱蓬(鲜)(棉蓬，猪毛菜),蔬菜,野生蔬菜类,蔬菜类及其制品,138.0,2.8,5.2,0.3,0.9,667.0,0.26,0.28,86.0,,,,34.0,,,1.0,False,2026-05-04T08:32:40Z
048068,紫花桔梗,蔬菜,野生蔬菜类,蔬菜类及其制品,94.0,,2.9,,0.0,0.0,,,32.0,0.0,16.7,24.0,46.0,3.6,0.4,1.0,False,2026-05-04T08:32:40Z
048069,紫萼香茶菜,蔬菜,野生蔬菜类,蔬菜类及其制品,72.0,,6.9,,0.0,4270.0,,,2.0,0.0,8.4,670.0,356.0,10.9,1.27,1.0,False,2026-05-04T08:32:40Z
048030,罗勒(兰香),蔬菜,野生蔬菜类,蔬菜类及其制品,108.0,3.8,4.6,,3.9,410.0,,,5.0,0.0,106.0,5.7,65.0,0.52,,1.0,False,2026-05-04T08:32:40Z
048024,胡枝子(鲜)(山豆子),蔬菜,野生蔬菜类,蔬菜类及其制品,579.0,5.3,29.6,2.2,10.5,,,,,,,,,,,1.0,False,2026-05-04T08:32:40Z
048001,艾蒿,蔬菜,野生蔬菜类,蔬菜类及其制品,,,3.6,,3.6,27.0,,,7.0,0.0,54.0,0.0,60.0,0.78,,1.0,False,2026-05-04T08:32:40Z
048072,苜子(干)(紫首子),蔬菜,野生蔬菜类,蔬菜类及其制品,1501.0,8.7,12.4,39.9,0.0,,0.21,,,,,,595.0,59.5,,1.0,False,2026-05-04T08:32:40Z
048070,苣英菜(尖叶)(取葵菜，苦麻子),蔬菜,野生蔬菜类,蔬菜类及其制品,75.0,,0.2,,0.0,5440.0,,,33.0,0.05,7.5,237.0,218.0,9.7,0.49,1.0,False,2026-05-04T08:32:40Z
048081,苦苣菜(苦菜、天精菜),蔬菜,野生蔬菜类,蔬菜类及其制品,136.0,,1.7,4.5,0.0,54330.0,0.16,,3.0,2.73,17.3,350.0,230.0,6.5,0.61,1.0,False,2026-05-04T08:32:40Z
048028,苦苦菜 (鲜),蔬菜,野生蔬菜类,蔬菜类及其制品,174.0,2.5,6.8,0.9,1.8,357.0,,,62.0,,,,,,,1.0,False,2026-05-04T08:32:40Z
048073,茴芹 (鲜),蔬菜,野生蔬菜类,蔬菜类及其制品,94.0,,,17.0,0.0,5730.0,,,76.0,,,,,,,1.0,False,2026-05-04T08:32:40Z
048064,茵陈蒿(鲜)(茵陈),蔬菜,野生蔬菜类,蔬菜类及其制品,273.0,,4.4,12.0,0.0,5020.0,0.35,,2.0,,,,257.0,21.0,,1.0,False,2026-05-04T08:32:40Z
048088,荆芥,蔬菜,野生蔬菜类,蔬菜类及其制品,26.0,2.6,,4.3,0.0,164.0,0.29,,7.7,6.49,16.0,282.0,210.0,9.8,,0.52,True,2026-05-04T08:32:40Z
048074,荞菜(鲜)(野荞),蔬菜,野生蔬菜类,蔬菜类及其制品,54.0,0.7,1.2,,0.0,290.0,0.02,,5.0,0.27,109.4,262.0,89.0,1.1,0.42,0.65,True,2026-05-04T08:32:40Z
048075,萎蒿 (鲜),蔬菜,野生蔬菜类,蔬菜类及其制品,239.0,,0.0,9.0,0.0,0.0,,,1.0,0.0,1.0,40.0,17.0,0.5,0.2,1.0,False,2026-05-04T08:32:40Z
048040,蒲公英叶(鲜)(黄花苗叶， 李李丁叶),蔬菜,野生蔬菜类,蔬菜类及其制品,221.0,4.8,7.0,1.1,2.1,1225.0,0.03,0.39,47.0,0.02,76.0,327.0,216.0,4.0,0.35,1.0,False,2026-05-04T08:32:40Z
048077,蕨菜 (脱水),蔬菜,野生蔬菜类,蔬菜类及其制品,1265.0,,25.5,79.7,0.0,,0.16,,3.0,0.53,20.4,59.0,851.0,23.7,18.11,1.0,False,2026-05-04T08:32:40Z
048076,蕨菜(鲜)(龙头菜，如意菜),蔬菜,野生蔬菜类,蔬菜类及其制品,177.0,,1.8,9.0,0.0,1100.0,,,23.0,0.78,,292.0,17.0,4.2,0.6,1.0,False,2026-05-04T08:32:40Z
048078,蕨麻(干)(鹅绒委陵菜),蔬菜,野生蔬菜类,蔬菜类及其制品,1492.0,1.4,3.2,75.0,0.0,640.0,,,,,,,123.0,24.4,,1.0,False,2026-05-04T08:32:40Z
048020,豆腐柴(鲜),蔬菜,野生蔬菜类,蔬菜类及其制品,,,,,7.8,0.0,,,2.0,0.0,38.0,0.0,97.0,1.36,,1.0,False,2026-05-04T08:32:40Z
048008,败酱(鲜)(胭脂麻),蔬菜,野生蔬菜类,蔬菜类及其制品,290.0,1.5,17.3,1.0,7.5,1003.0,,0.16,52.0,,,,113.0,1.02,,1.0,False,2026-05-04T08:32:40Z
048029,轮叶党参,蔬菜,野生蔬菜类,蔬菜类及其制品,,,,,4.0,2.0,,,29.0,0.23,54.0,0.0,87.0,0.5,,1.0,False,2026-05-04T08:32:40Z
048013,达乌里胡枝子(鲜)(牛枝 子，豆豆苗,蔬菜,野生蔬菜类,蔬菜类及其制品,491.0,7.0,23.1,1.0,6.0,,,,,,,,61.0,,,1.0,False,2026-05-04T08:32:40Z
048014,达乌里胡枝子子(鲜)(牛 枝子子，豆豆苗子1,蔬菜,野生蔬菜类,蔬菜类及其制品,1535.0,36.8,41.7,8.3,10.9,,0.83,0.34,,,,,486.0,,,1.0,False,2026-05-04T08:32:40Z
048049,酸模 (鲜),蔬菜,野生蔬菜类,蔬菜类及其制品,72.0,1.7,,0.2,1.0,3.0,,,25.0,0.05,0.0,228.0,28.0,0.6,0.15,1.0,False,2026-05-04T08:32:40Z
048063,野苋菜(鲜)(假苋菜),蔬菜,野生蔬菜类,蔬菜类及其制品,260.0,5.5,,,1.6,7150.0,0.36,,153.0,,,,610.0,,,1.0,False,2026-05-04T08:32:40Z
048061,野菊(鲜),蔬菜,野生蔬菜类,蔬菜类及其制品,195.0,3.2,9.0,0.5,3.4,,,,,,,,178.0,,,1.0,False,2026-05-04T08:32:40Z
048059,野葱(鲜)(沙葱，麦葱),蔬菜,野生蔬菜类,蔬菜类及其制品,152.0,2.7,6.7,0.2,1.5,500.0,0.31,,64.0,,,,279.0,4.1,,1.0,False,2026-05-04T08:32:40Z
048062,野蒜(鲜)(小蒜，野葱),蔬菜,野生蔬菜类,蔬菜类及其制品,144.0,1.0,7.7,0.4,2.0,113.0,0.03,0.12,28.0,0.24,17.2,231.0,89.0,1.2,0.5,0.82,True,2026-05-04T08:32:40Z
048060,野韭菜(鲜)(山韭),蔬菜,野生蔬菜类,蔬菜类及其制品,182.0,3.7,7.2,0.9,4.1,235.0,0.03,0.11,21.0,,,,129.0,5.4,,1.0,False,2026-05-04T08:32:40Z
048047,食用大黄 (鲜),蔬菜,野生蔬菜类,蔬菜类及其制品,39.0,1.6,1.5,,1.5,2.0,,,5.0,0.0,5.0,502.0,107.0,0.9,0.16,1.0,False,2026-05-04T08:32:40Z
048048,食用黄麻,蔬菜,野生蔬菜类,蔬菜类及其制品,94.0,0.9,,0.1,0.3,872.0,,,73.0,0.03,0.0,562.0,398.0,4.1,0.69,1.0,False,2026-05-04T08:32:40Z
048082,首(草头、金花菜),蔬菜,野生蔬菜类,蔬菜类及其制品,148.0,,1.4,2.9,0.0,5490.0,0.17,,102.0,2.82,26.2,32.0,112.0,2.8,0.25,0.95,True,2026-05-04T08:32:40Z
048055,香椿(鲜)(香椿芽),蔬菜,野生蔬菜类,蔬菜类及其制品,211.0,1.7,10.9,0.4,1.8,117.0,0.07,0.12,40.0,0.99,4.6,172.0,96.0,3.9,2.25,0.76,True,2026-05-04T08:32:40Z
048056,香茅,蔬菜,野生蔬菜类,蔬菜类及其制品,72.0,1.7,,0.2,0.4,500.0,,,46.0,0.0,0.0,599.0,120.0,6.0,0.89,1.0,False,2026-05-04T08:32:40Z
048032,"马兰头(鲜)马兰,鸡儿肠， 路边菊)",蔬菜,野生蔬菜类,蔬菜类及其制品,119.0,2.4,4.6,0.4,1.6,340.0,0.06,0.13,26.0,0.72,14.0,15.2,38.0,0.87,0.75,1.0,False,2026-05-04T08:32:40Z
048031,马齿苋(鲜)(长寿菜，瓜子菜),蔬菜,野生蔬菜类,蔬菜类及其制品,117.0,2.3,3.9,0.5,0.7,372.0,0.03,0.11,23.0,,,,56.0,,,1.0,False,2026-05-04T08:32:40Z
048083,鱼腥草(叶)(菜、臭菜),蔬菜,野生蔬菜类,蔬菜类及其制品,131.0,,,10.7,0.0,0.0,0.12,,16.0,1.28,21.6,494.0,57.0,2.3,0.4,1.0,False,2026-05-04T08:32:40Z
048084,鱼腥草(根),蔬菜,野生蔬菜类,蔬菜类及其制品,261.0,,,19.5,0.0,41.0,0.06,,3.0,0.26,42.4,469.0,74.0,2.3,0.69,0.86,True,2026-05-04T08:32:40Z
048058,"鸭跖草(鲜)竹叶菜,淡竹叶)",蔬菜,野生蔬菜类,蔬菜类及其制品,144.0,2.8,5.7,0.3,1.2,698.0,0.03,0.29,87.0,,,,206.0,5.4,,1.0,False,2026-05-04T08:32:40Z
048033,麦瓶草(鲜)(米瓦罐),蔬菜,野生蔬菜类,蔬菜类及其制品,159.0,4.5,4.4,0.5,1.0,693.0,0.02,0.27,49.0,,,,55.0,,,1.0,False,2026-05-04T08:32:40Z
048026,黄麻叶 (鲜),蔬菜,野生蔬菜类,蔬菜类及其制品,177.0,4.7,5.8,0.3,1.2,556.0,0.13,0.55,37.0,,64.0,8.0,83.0,,,1.0,False,2026-05-04T08:32:40Z
042103,刀豆(鲜),蔬菜,鲜豆类,蔬菜类及其制品,40.0,3.1,7.0,0.3,1.8,18.0,0.05,0.07,15.0,0.4,,209.0,49.0,0.84,0.88,0.92,True,2026-05-04T08:32:40Z
042201,发芽豆,蔬菜,鲜豆类,蔬菜类及其制品,131.0,12.4,19.4,0.7,1.3,,0.3,0.17,4.0,2.8,1.0,3.9,41.0,0.72,0.73,0.83,True,2026-05-04T08:32:40Z
042110,四季豆 (菜豆),蔬菜,鲜豆类,蔬菜类及其制品,31.0,2.0,5.7,0.4,1.5,35.0,0.04,0.07,6.0,1.24,,123.0,42.0,0.23,0.43,0.96,True,2026-05-04T08:32:40Z
042120,四季豆(菜豆、芸豆),蔬菜,鲜豆类,蔬菜类及其制品,24.0,2.0,6.0,0.2,,8.0,0.02,0.05,0.0,0.0,,,43.0,0.33,0.04,0.96,True,2026-05-04T08:32:40Z
042121,四棱豆(杨桃豆、翅豆),蔬菜,鲜豆类,蔬菜类及其制品,19.0,2.0,4.2,0.2,,34.0,0.05,0.04,3.0,0.39,,,61.0,0.31,0.29,0.96,True,2026-05-04T08:32:40Z
042114,垅船豆 (鲜),蔬菜,鲜豆类,蔬菜类及其制品,36.0,2.0,6.8,0.4,1.3,7.0,0.04,0.02,13.0,,,192.0,37.0,0.22,,0.82,True,2026-05-04T08:32:40Z
042118,扁豆,蔬菜,鲜豆类,蔬菜类及其制品,32.0,2.3,7.4,0.2,3.9,5.0,0.05,0.06,2.0,,,163.0,57.0,0.26,0.0,0.96,True,2026-05-04T08:32:40Z
042101,扁豆(月亮菜),蔬菜,鲜豆类,蔬菜类及其制品,41.0,2.7,8.2,0.2,2.1,13.0,,0.07,13.0,0.24,,178.0,38.0,0.72,0.94,0.91,True,2026-05-04T08:32:40Z
042109,毛豆(鲜)(青豆，菜用大豆),蔬菜,鲜豆类,蔬菜类及其制品,131.0,13.1,10.5,5.0,4.0,11.0,0.15,0.07,27.0,2.44,,478.0,135.0,1.73,2.48,0.53,True,2026-05-04T08:32:40Z
042113,油豆角(鲜)(多花菜豆),蔬菜,鲜豆类,蔬菜类及其制品,25.0,2.4,3.9,0.3,1.6,13.0,0.07,0.08,11.0,2.39,,,69.0,0.38,1.1,0.99,True,2026-05-04T08:32:40Z
042122,甜脆荷兰豆(甜豆),蔬菜,鲜豆类,蔬菜类及其制品,32.0,3.0,8.1,0.3,6.8,21.0,0.08,0.06,24.0,0.22,,18.0,65.0,0.39,0.16,1.0,False,2026-05-04T08:32:40Z
042206,绿豆芽,蔬菜,鲜豆类,蔬菜类及其制品,16.0,0.1,1.2,2.6,0.0,11.0,0.02,,4.0,0.0,18.0,25.8,19.0,0.2,0.27,1.0,False,2026-05-04T08:32:40Z
042115,芸豆(鲜),蔬菜,鲜豆类,蔬菜类及其制品,30.0,0.8,7.4,0.1,2.1,20.0,0.33,0.06,9.0,0.07,,,88.0,1.04,0.23,0.96,True,2026-05-04T08:32:40Z
042106,荷兰豆,蔬菜,鲜豆类,蔬菜类及其制品,30.0,2.5,4.9,0.3,1.4,40.0,0.09,0.04,16.0,0.3,,116.0,51.0,0.5,0.42,0.88,True,2026-05-04T08:32:40Z
042119,虹豆,蔬菜,鲜豆类,蔬菜类及其制品,32.0,2.2,7.3,0.3,,44.0,0.06,0.05,13.0,0.39,,,62.0,0.38,0.66,0.97,True,2026-05-04T08:32:40Z
042117,虹豆 (长),蔬菜,鲜豆类,蔬菜类及其制品,32.0,2.7,5.8,0.2,1.8,10.0,0.07,0.07,18.0,0.65,,,42.0,0.94,1.4,0.98,True,2026-05-04T08:32:40Z
042102,蚕豆 (鲜),蔬菜,鲜豆类,蔬菜类及其制品,111.0,8.8,19.5,0.4,3.1,26.0,,0.1,16.0,0.83,46.0,4.0,,1.37,2.02,0.31,True,2026-05-04T08:32:40Z
042104,豆角,蔬菜,鲜豆类,蔬菜类及其制品,34.0,2.5,6.7,0.2,2.1,17.0,0.05,0.07,18.0,2.24,,207.0,29.0,1.5,,0.96,True,2026-05-04T08:32:40Z
042105,豆角(鲜，白),蔬菜,鲜豆类,蔬菜类及其制品,35.0,2.2,7.4,0.2,2.6,48.0,0.06,0.04,39.0,2.38,,192.0,26.0,0.6,1.6,0.97,True,2026-05-04T08:32:40Z
042111,豌豆(带荚，鲜)(回回豆),蔬菜,鲜豆类,蔬菜类及其制品,111.0,7.4,21.2,0.3,3.0,18.0,0.43,0.09,14.0,1.21,,332.0,21.0,1.29,1.74,0.42,True,2026-05-04T08:32:40Z
042112,豌豆尖,蔬菜,鲜豆类,蔬菜类及其制品,225.0,3.1,53.9,0.0,1.3,226.0,0.07,0.23,11.0,0.22,,160.0,17.0,0.93,1.94,1.0,False,2026-05-04T08:32:40Z
042208,豌豆苗,蔬菜,鲜豆类,蔬菜类及其制品,32.0,,,2.6,0.0,333.0,0.16,,8.0,0.1,14.0,20.9,,0.42,0.56,1.0,False,2026-05-04T08:32:40Z
042202,黄豆芽,蔬菜,鲜豆类,蔬菜类及其制品,47.0,,,4.5,1.5,3.0,0.07,,8.0,0.8,,,21.0,0.54,0.96,1.0,False,2026-05-04T08:32:40Z
042205,黄豆芽,蔬菜,鲜豆类,蔬菜类及其制品,39.0,1.6,,3.6,0.0,9.0,0.07,,4.0,0.64,36.0,28.3,,0.37,0.34,1.0,False,2026-05-04T08:32:40Z
042207,黑豆苗,蔬菜,鲜豆类,蔬菜类及其制品,,0.8,1.6,2.6,0.0,122.0,0.07,,9.0,0.77,23.0,14.9,55.0,0.36,0.71,1.0,False,2026-05-04T08:32:40Z
042108,龙牙豆(鲜)(玉豆),蔬菜,鲜豆类,蔬菜类及其制品,19.0,2.6,2.4,0.2,1.3,43.0,0.01,0.54,12.0,,,200.0,30.0,0.47,5.6,0.93,True,2026-05-04T08:32:40Z
042107,龙豆(鲜),蔬菜,鲜豆类,蔬菜类及其制品,36.0,3.7,5.0,0.5,1.9,43.0,0.04,0.06,11.0,0.77,,142.0,147.0,0.46,4.06,0.98,True,2026-05-04T08:32:40Z
109009,乳咀嚼奶片) 奶渣,蛋奶豆,其他,乳类及其制品,381.0,44.4,41.3,4.2,0.0,29.0,0.05,0.19,,0.0,523.0,910.0,0.04,78.0,3.1,1.0,False,2026-05-04T08:32:40Z
109004,全脂甜炼乳 (雀巢),蛋奶豆,其他,乳类及其制品,380.0,7.5,64.9,10.0,0.0,,0.07,0.41,0.0,0.3,308.0,243.0,0.0,21.0,0.2,1.0,False,2026-05-04T08:32:40Z
109005,全脂甜炼乳(燕山牌),蛋奶豆,其他,乳类及其制品,374.0,8.2,62.8,10.0,0.0,,0.08,0.32,,,428.0,246.0,0.0,23.0,0.2,1.0,False,2026-05-04T08:32:40Z
109003,奶片,蛋奶豆,其他,乳类及其制品,472.0,13.3,59.3,20.2,0.0,75.0,0.05,0.2,5.0,0.05,356.0,427.0,269.0,32.0,1.6,1.0,False,2026-05-04T08:32:40Z
109002,奶皮子,蛋奶豆,其他,乳类及其制品,460.0,12.2,6.3,42.9,0.0,,0.02,0.23,,,4.0,308.0,818.0,28.0,1.3,1.0,False,2026-05-04T08:32:40Z
039101,扁豆 (干),蛋奶豆,其他,干豆类及其制品,339.0,25.3,61.9,0.4,6.5,3.0,,0.45,,1.86,2.3,439.0,137.0,19.2,1.9,1.0,False,2026-05-04T08:32:40Z
039102,扁豆 (干，白),蛋奶豆,其他,干豆类及其制品,283.0,19.0,55.6,1.3,13.4,,0.33,0.11,,0.89,1.0,1070.0,68.0,4.0,1.93,1.0,False,2026-05-04T08:32:40Z
039902,木豆(干)(扭豆，豆蓉),蛋奶豆,其他,干豆类及其制品,348.0,19.8,58.8,4.5,3.7,,0.66,,0.0,,,,231.0,12.5,,1.0,False,2026-05-04T08:32:40Z
109001,炼乳(甜，罐头),蛋奶豆,其他,乳类及其制品,332.0,8.0,55.4,8.7,0.0,41.0,0.03,0.16,2.0,0.28,,309.0,242.0,,,1.0,False,2026-05-04T08:32:40Z
109008,牛初乳奶片(纽瑞滋牛初,蛋奶豆,其他,乳类及其制品,347.0,27.0,49.5,4.5,,255.0,0.06,,,2.8,450.0,,,50.0,0.3,1.0,False,2026-05-04T08:32:40Z
039201,眉豆(干)(饭虹豆),蛋奶豆,其他,干豆类及其制品,334.0,18.6,65.6,1.1,6.6,,0.15,0.18,,12.29,86.5,525.0,60.0,5.5,4.7,1.0,False,2026-05-04T08:32:40Z
109006,脱脂甜炼乳,蛋奶豆,其他,乳类及其制品,275.0,10.3,58.0,0.2,0.0,0.0,0.1,0.5,,,520.0,300.0,,,0.3,1.0,False,2026-05-04T08:32:40Z
039901,荆豆(干),蛋奶豆,其他,干豆类及其制品,407.0,43.6,28.5,14.3,5.2,21.0,,0.25,0.0,,,,207.0,7.3,,1.0,False,2026-05-04T08:32:40Z
109007,蛋白粉(益力健乳铁乳清 蛋白粉),蛋奶豆,其他,乳类及其制品,425.0,50.0,28.0,12.5,,,,,,,,,,,,1.0,False,2026-05-04T08:32:40Z
039202,豇豆 (干),蛋奶豆,其他,干豆类及其制品,336.0,19.3,65.6,1.2,7.1,5.0,0.16,0.08,,8.61,6.8,737.0,40.0,7.1,3.04,1.0,False,2026-05-04T08:32:40Z
039204,豇豆 (煮),蛋奶豆,其他,干豆类及其制品,133.0,9.5,24.0,0.6,1.8,1.0,0.26,0.28,1.0,,0.0,400.0,29.0,3.4,,1.0,False,2026-05-04T08:32:40Z
039203,豇豆(干，紫),蛋奶豆,其他,干豆类及其制品,329.0,18.9,65.8,0.4,6.9,2.0,0.22,0.09,,11.42,4.0,500.0,67.0,7.9,1.61,1.0,False,2026-05-04T08:32:40Z
039303,豌豆 (煮),蛋奶豆,其他,干豆类及其制品,107.0,8.9,19.2,0.3,2.4,3.0,0.22,0.09,14.0,,1.0,230.0,29.0,2.3,,1.0,False,2026-05-04T08:32:40Z
039302,豌豆 (花),蛋奶豆,其他,干豆类及其制品,336.0,21.6,63.6,1.0,6.9,20.0,0.68,0.22,,9.63,3.2,736.0,106.0,4.4,2.47,1.0,False,2026-05-04T08:32:40Z
039301,豌豆(干),蛋奶豆,其他,干豆类及其制品,334.0,20.3,65.8,1.1,10.4,21.0,0.49,0.14,,8.47,9.7,823.0,97.0,4.9,2.35,1.0,False,2026-05-04T08:32:40Z
039401,鹰嘴豆(桃豆),蛋奶豆,其他,干豆类及其制品,340.0,21.2,60.1,4.2,11.6,7.0,0.41,0.25,3.5,11.61,6.0,830.0,150.0,3.4,1.5,1.0,False,2026-05-04T08:32:40Z
031509,千张(百页),蛋奶豆,大豆,干豆类及其制品,262.0,24.5,5.5,16.0,1.0,3.0,0.04,0.05,,23.38,20.6,94.0,313.0,6.4,,1.0,False,2026-05-04T08:32:40Z
031508,枝竹,蛋奶豆,大豆,干豆类及其制品,478.0,44.4,20.8,24.7,2.7,,0.11,0.07,,26.78,83.0,837.0,49.0,10.8,,1.0,False,2026-05-04T08:32:40Z
031506,油豆腐,蛋奶豆,大豆,干豆类及其制品,245.0,17.0,4.9,17.6,0.6,3.0,0.05,0.04,,24.7,32.5,158.0,147.0,,0.63,1.0,False,2026-05-04T08:32:40Z
031525,炸素虾,蛋奶豆,大豆,干豆类及其制品,582.0,27.6,19.3,44.4,2.7,,0.04,0.02,,50.79,,211.0,251.0,,4.3,1.0,False,2026-05-04T08:32:40Z
031526,烤麸,蛋奶豆,大豆,干豆类及其制品,121.0,20.4,9.3,0.3,0.2,,0.04,0.05,,0.42,,25.0,30.0,1.19,,1.0,False,2026-05-04T08:32:40Z
031524,素什锦,蛋奶豆,大豆,干豆类及其制品,177.0,14.0,8.3,10.2,2.0,,0.07,0.04,,9.51,475.1,143.0,174.0,,2.8,1.0,False,2026-05-04T08:32:40Z
031520,素大肠,蛋奶豆,大豆,干豆类及其制品,155.0,18.1,13.0,3.6,1.0,,0.02,0.02,,,144.7,179.0,445.0,,,1.0,False,2026-05-04T08:32:40Z
031521,素火腿,蛋奶豆,大豆,干豆类及其制品,213.0,19.1,4.8,13.2,0.9,,0.01,0.03,,25.99,675.9,24.0,8.0,7.3,,1.0,False,2026-05-04T08:32:40Z
031522,素鸡,蛋奶豆,大豆,干豆类及其制品,194.0,16.5,4.2,12.5,0.9,5.0,0.02,0.03,,17.8,373.8,42.0,319.0,,6.73,1.0,False,2026-05-04T08:32:40Z
031523,素鸡丝卷,蛋奶豆,大豆,干豆类及其制品,197.0,11.2,10.1,13.7,5.6,3.0,0.03,0.04,,27.72,121.0,56.0,103.0,,2.29,1.0,False,2026-05-04T08:32:40Z
031507,腐竹,蛋奶豆,大豆,干豆类及其制品,461.0,44.6,22.3,21.7,1.0,,0.13,0.07,,27.84,26.5,553.0,77.0,16.5,,1.0,False,2026-05-04T08:32:40Z
031402,豆奶(豆乳),蛋奶豆,大豆,干豆类及其制品,30.0,2.4,1.8,1.5,0.0,,0.02,0.06,,4.5,,92.0,23.0,0.24,0.73,1.0,False,2026-05-04T08:32:40Z
031208,豆奶粉 (大磨牌),蛋奶豆,大豆,干豆类及其制品,432.0,27.4,51.6,13.0,0.3,,0.46,1.01,16.0,22.18,,720.0,281.0,7.14,3.96,1.0,False,2026-05-04T08:32:40Z
031206,豆奶粉 (维维牌),蛋奶豆,大豆,干豆类及其制品,421.0,19.4,65.2,9.4,1.0,1525.0,1.01,1.32,32.0,30.1,47.0,,635.0,6.25,,1.0,False,2026-05-04T08:32:40Z
031207,豆奶粉(多力牌),蛋奶豆,大豆,干豆类及其制品,405.0,12.3,76.4,6.5,,,0.1,0.08,,6.68,,540.0,268.0,0.95,1.1,1.0,False,2026-05-04T08:32:40Z
031403,豆汁(生),蛋奶豆,大豆,干豆类及其制品,10.0,0.9,1.4,0.1,0.1,0.0,0.02,0.02,,0.34,,47.0,8.0,0.11,0.25,1.0,False,2026-05-04T08:32:40Z
031405,豆浆,蛋奶豆,大豆,干豆类及其制品,31.0,3.0,1.2,1.6,,,0.02,0.02,0.0,1.06,,117.0,5.0,0.28,0.0,1.0,False,2026-05-04T08:32:40Z
031406,豆浆 (甜),蛋奶豆,大豆,干豆类及其制品,34.0,2.4,4.9,0.5,0.1,,0.04,0.02,0.0,1.27,,54.0,27.0,0.27,0.1,1.0,False,2026-05-04T08:32:40Z
031203,豆浆粉,蛋奶豆,大豆,干豆类及其制品,426.0,19.7,66.8,9.4,2.2,,0.07,0.05,,17.99,,771.0,101.0,1.77,3.3,1.0,False,2026-05-04T08:32:40Z
031519,豆肝尖,蛋奶豆,大豆,干豆类及其制品,203.0,17.2,9.4,12.0,5.7,,0.01,0.06,,37.58,614.5,24.0,5.0,,3.19,1.0,False,2026-05-04T08:32:40Z
031306,豆腐 (北豆腐),蛋奶豆,大豆,干豆类及其制品,116.0,9.2,3.0,8.1,,,0.05,0.02,0.0,8.4,,106.0,105.0,0.74,2.46,1.0,False,2026-05-04T08:32:40Z
031301x,豆腐(代表值),蛋奶豆,大豆,干豆类及其制品,84.0,6.6,3.4,5.3,,,0.06,0.02,0.0,5.79,,118.0,78.0,0.57,1.5,1.0,False,2026-05-04T08:32:40Z
031304,豆腐(内酯),蛋奶豆,大豆,干豆类及其制品,50.0,5.0,3.3,1.9,0.4,,0.06,0.03,,3.26,,95.0,17.0,0.55,0.81,1.0,False,2026-05-04T08:32:40Z
031307,豆腐(南豆腐),蛋奶豆,大豆,干豆类及其制品,87.0,5.7,3.9,5.8,,,0.06,0.02,0.0,5.72,,154.0,113.0,0.43,1.23,1.0,False,2026-05-04T08:32:40Z
031501,豆腐丝,蛋奶豆,大豆,干豆类及其制品,203.0,21.5,6.2,10.5,1.1,3.0,0.04,0.12,,9.76,,74.0,204.0,2.04,1.39,1.0,False,2026-05-04T08:32:40Z
031502,豆腐丝 (干),蛋奶豆,大豆,干豆类及其制品,451.0,57.7,3.7,22.8,0.0,,0.3,0.6,,7.8,,,5.0,3.59,2.72,1.0,False,2026-05-04T08:32:40Z
031503,豆腐丝 (油),蛋奶豆,大豆,干豆类及其制品,304.0,24.2,14.5,17.1,2.2,2.0,,0.09,,17.8,769.4,208.0,152.0,,6.1,1.0,False,2026-05-04T08:32:40Z
031504,豆腐卷,蛋奶豆,大豆,干豆类及其制品,203.0,17.9,7.2,11.6,1.0,15.0,0.02,0.04,,27.63,,82.0,156.0,,2.51,1.0,False,2026-05-04T08:32:40Z
031529,豆腐干,蛋奶豆,大豆,干豆类及其制品,427.0,,,11.4,0.0,,0.08,,0.0,29.63,109.0,690.2,408.0,3.2,0.11,1.0,False,2026-05-04T08:32:40Z
031510x,豆腐干 (代表值),蛋奶豆,大豆,干豆类及其制品,197.0,14.9,9.6,11.3,,2.0,0.02,0.05,0.0,13.0,329.0,137.0,447.0,7.1,,1.0,False,2026-05-04T08:32:40Z
031514,豆腐干 (卤干),蛋奶豆,大豆,干豆类及其制品,339.0,14.5,33.4,16.7,1.6,,0.03,0.14,,,40.9,134.0,731.0,3.9,3.61,1.0,False,2026-05-04T08:32:40Z
031517,豆腐干 (小香干),蛋奶豆,大豆,干豆类及其制品,174.0,17.9,5.4,9.1,0.4,,0.03,0.07,,7.39,372.3,141.0,1019.0,,23.6,1.0,False,2026-05-04T08:32:40Z
031518,豆腐干 (熏干),蛋奶豆,大豆,干豆类及其制品,154.0,15.8,8.8,6.2,0.3,1.0,0.03,0.01,,7.03,232.7,136.0,173.0,3.9,,1.0,False,2026-05-04T08:32:40Z
031512,豆腐干 (臭干),蛋奶豆,大豆,干豆类及其制品,99.0,10.2,4.5,4.6,0.4,,0.02,0.11,,,33.8,136.0,720.0,4.2,,1.0,False,2026-05-04T08:32:40Z
031511,豆腐干 (菜干),蛋奶豆,大豆,干豆类及其制品,137.0,13.4,5.0,7.1,0.3,,0.01,0.01,,0.62,633.6,70.0,179.0,3.0,,1.0,False,2026-05-04T08:32:40Z
031515,豆腐干 (蒲包干),蛋奶豆,大豆,干豆类及其制品,135.0,12.1,8.9,5.7,0.0,,0.02,0.01,,14.09,633.1,236.0,134.0,9.1,,1.0,False,2026-05-04T08:32:40Z
031513,豆腐干 (酱油干),蛋奶豆,大豆,干豆类及其制品,157.0,14.9,4.0,9.1,0.3,,0.02,0.03,,16.41,90.3,130.0,413.0,5.9,,1.0,False,2026-05-04T08:32:40Z
031516,豆腐干 (香干),蛋奶豆,大豆,干豆类及其制品,152.0,15.8,5.1,7.8,0.8,3.0,0.04,0.03,,15.85,234.1,99.0,299.0,5.7,,1.0,False,2026-05-04T08:32:40Z
031527,豆腐皮,蛋奶豆,大豆,干豆类及其制品,447.0,51.6,12.5,23.0,,23.0,0.22,0.12,0.0,46.55,,877.0,239.0,4.08,2.26,1.0,False,2026-05-04T08:32:40Z
031305,豆腐脑(老豆腐),蛋奶豆,大豆,干豆类及其制品,15.0,1.9,0.0,0.8,0.0,,0.04,0.02,,10.46,,107.0,18.0,0.49,0.0,1.0,False,2026-05-04T08:32:40Z
031202,豆腐花(豆腐粉),蛋奶豆,大豆,干豆类及其制品,401.0,10.0,84.3,2.6,0.0,21.0,0.02,0.03,,5.0,,339.0,175.0,0.75,1.7,1.0,False,2026-05-04T08:32:40Z
031404,酸豆奶,蛋奶豆,大豆,干豆类及其制品,67.0,2.2,11.8,1.2,0.0,,0.06,,,1.11,,70.0,32.0,0.21,0.2,1.0,False,2026-05-04T08:32:40Z
031103,青豆(干)(青大豆),蛋奶豆,大豆,干豆类及其制品,398.0,34.5,35.4,16.0,12.6,66.0,0.41,0.18,,10.09,,718.0,200.0,3.18,5.62,1.0,False,2026-05-04T08:32:40Z
031104,黄豆,蛋奶豆,大豆,干豆类及其制品,407.0,33.1,37.3,15.9,9.0,3.0,0.11,0.22,,,,1276.0,123.0,,,1.0,False,2026-05-04T08:32:40Z
031101,黄豆(大豆),蛋奶豆,大豆,干豆类及其制品,390.0,35.0,34.2,16.0,15.5,18.0,,0.2,,18.9,,1503.0,191.0,3.34,6.16,1.0,False,2026-05-04T08:32:40Z
031201,黄豆粉,蛋奶豆,大豆,干豆类及其制品,432.0,32.7,37.6,18.3,7.0,32.0,0.31,0.22,,33.69,,1890.0,207.0,3.89,2.47,1.0,False,2026-05-04T08:32:40Z
031102,黑豆 (干)(黑大豆),蛋奶豆,大豆,干豆类及其制品,401.0,36.0,33.6,15.9,10.2,3.0,0.2,0.33,,17.36,243.0,3.0,500.0,4.18,6.79,1.0,False,2026-05-04T08:32:40Z
105001,奶油,蛋奶豆,奶油,乳类及其制品,879.0,0.7,0.9,97.0,0.0,297.0,0.0,0.01,0.0,1.99,268.0,226.0,14.0,1.0,0.09,1.0,False,2026-05-04T08:32:40Z
105008,奶油,蛋奶豆,奶油,乳类及其制品,785.0,1.1,1.7,86.0,0.0,840.0,0.02,0.02,0.0,2.23,1.7,31.0,2.0,0.1,,1.0,False,2026-05-04T08:32:40Z
105002,奶油 (焦克),蛋奶豆,奶油,乳类及其制品,447.0,3.0,0.0,48.3,0.0,,0.05,0.16,,,41.1,138.0,,1.0,0.32,1.0,False,2026-05-04T08:32:40Z
105003,奶油 (食品工业),蛋奶豆,奶油,乳类及其制品,504.0,1.1,0.0,55.5,0.0,345.0,0.01,0.16,,2.19,190.8,1064.0,20.0,0.1,1.1,1.0,False,2026-05-04T08:32:40Z
105006,白脱(食品工业)(牛油、 黄油),蛋奶豆,奶油,乳类及其制品,744.0,,0.0,82.7,0.0,534.0,0.01,0.06,,3.71,18.0,43.0,1.0,1.0,0.8,1.0,False,2026-05-04T08:32:40Z
105007,酥油,蛋奶豆,奶油,乳类及其制品,860.0,1.5,1.1,94.4,0.0,426.0,0.0,0.01,0.0,2.45,73.0,188.0,,0.4,0.12,1.0,False,2026-05-04T08:32:40Z
105009,酥油,蛋奶豆,奶油,乳类及其制品,718.0,0.7,10.3,74.9,0.0,384.0,0.01,0.07,0.0,1.88,26.0,29.0,26.0,1.8,0.24,1.0,False,2026-05-04T08:32:40Z
105010,酥油茶 (原味),蛋奶豆,奶油,乳类及其制品,465.0,3.0,73.3,17.7,0.0,0.0,0.0,0.14,0.0,5.13,265.0,620.0,27.0,2.2,0.83,1.0,False,2026-05-04T08:32:40Z
105004,黄油,蛋奶豆,奶油,乳类及其制品,888.0,1.4,0.0,98.0,0.0,,,0.02,,,40.3,39.0,35.0,0.8,0.11,1.0,False,2026-05-04T08:32:40Z
105005,黄油渣,蛋奶豆,奶油,乳类及其制品,599.0,11.1,40.0,43.8,0.0,,0.03,0.47,,,60.2,160.0,597.0,2.6,1.17,1.0,False,2026-05-04T08:32:40Z
102807,中老年营养奶粉(雪花中 老年营养奶粉),蛋奶豆,奶粉,乳类及其制品,440.0,21.0,,,1.0,,,,62.0,,45.0,350.0,,4.8,20.0,1.0,False,2026-05-04T08:32:40Z
102803,中老年配方奶粉 (雀巢),蛋奶豆,奶粉,乳类及其制品,429.0,30.0,44.8,14.4,,,1.4,,,10.5,100.0,410.0,890.0,,,1.0,False,2026-05-04T08:32:40Z
102805,中老年配方奶粉(三元爱 益中老年配方奶粉),蛋奶豆,奶粉,乳类及其制品,448.0,20.0,63.0,13.0,0.7,,0.63,,,,25.0,600.0,500.0,,,1.0,False,2026-05-04T08:32:40Z
102801x,中老年配方奶粉(代表值),蛋奶豆,奶粉,乳类及其制品,424.0,21.8,,,0.9,63.0,1.01,,55.5,11.25,58.0,427.5,630.0,4.75,19.0,1.0,False,2026-05-04T08:32:40Z
102802,中老年配方奶粉(可淇牌),蛋奶豆,奶粉,乳类及其制品,432.0,18.0,,,,,1.0,,40.0,12.0,,,500.0,6.0,21.0,1.0,False,2026-05-04T08:32:40Z
102804,中老年配方奶粉(森永牌),蛋奶豆,奶粉,乳类及其制品,418.0,22.0,60.0,10.0,,592.0,1.0,,60.0,,75.0,,630.0,4.0,,1.0,False,2026-05-04T08:32:40Z
102806,中老年配方奶粉(雪花中 老年特殊配方奶粉),蛋奶豆,奶粉,乳类及其制品,432.0,20.0,,,1.0,38.0,,,60.0,,45.0,350.0,,4.2,16.0,1.0,False,2026-05-04T08:32:40Z
102150x,低脂奶粉(代表值，高钙高铁),蛋奶豆,奶粉,乳类及其制品,425.0,23.7,55.9,11.9,,625.0,0.55,1.33,55.0,10.0,378.5,1154.0,1365.0,10.3,6.0,1.0,False,2026-05-04T08:32:40Z
102152,低脂奶粉(高钙高铁，伊利牌),蛋奶豆,奶粉,乳类及其制品,423.0,27.0,53.9,11.0,,675.0,0.3,1.6,65.0,,406.9,1338.0,1350.0,12.0,5.0,1.0,False,2026-05-04T08:32:40Z
102153,低脂奶粉(高钙高铁，可淇牌),蛋奶豆,奶粉,乳类及其制品,437.0,17.0,63.0,13.0,,630.0,0.8,1.0,40.0,10.0,350.0,800.0,1000.0,9.0,6.0,1.0,False,2026-05-04T08:32:40Z
102151,低脂奶粉(高钙高铁，雀巢),蛋奶豆,奶粉,乳类及其制品,413.0,27.0,50.0,11.7,,570.0,,1.4,60.0,,,1325.0,1745.0,10.0,7.0,1.0,False,2026-05-04T08:32:40Z
102301x,儿童配方奶粉 (代表值),蛋奶豆,奶粉,乳类及其制品,454.0,19.0,1.1,,,82.0,0.81,,38.6,10.0,50.0,317.3,493.0,5.75,7.8,1.0,False,2026-05-04T08:32:40Z
102305,儿童配方奶粉 (可淇牌),蛋奶豆,奶粉,乳类及其制品,457.0,17.0,,,,100.0,0.6,,40.0,10.0,40.0,,425.0,6.0,,1.0,False,2026-05-04T08:32:40Z
102304,儿童配方奶粉 (惠氏),蛋奶豆,奶粉,乳类及其制品,451.0,,,62.0,,95.0,0.72,,45.0,,59.0,248.0,450.0,5.4,,1.0,False,2026-05-04T08:32:40Z
102315,儿童配方奶粉(三元爱益 儿童成长配方奶粉),蛋奶豆,奶粉,乳类及其制品,,20.0,60.0,20.0,,,,,50.0,,25.0,600.0,500.0,,4.0,1.0,False,2026-05-04T08:32:40Z
102322,儿童配方奶粉(伊利儿童 配方奶粉),蛋奶豆,奶粉,乳类及其制品,,20.0,0.6,50.6,,,,,20.0,,35.0,375.0,500.0,6.7,,1.0,False,2026-05-04T08:32:40Z
102325,儿童配方奶粉(伊利学生 营养奶粉),蛋奶豆,奶粉,乳类及其制品,,,,53.0,,,,,30.0,,,500.0,,6.5,,1.0,False,2026-05-04T08:32:40Z
102324,儿童配方奶粉(伊利金装 儿童配方奶粉),蛋奶豆,奶粉,乳类及其制品,,21.5,0.6,,,,,,20.0,,38.0,375.0,550.0,7.1,,1.0,False,2026-05-04T08:32:40Z
102323,儿童配方奶粉(伊利金领 冠儿童配方奶粉),蛋奶豆,奶粉,乳类及其制品,467.0,21.5,50.6,20.0,0.6,,,,20.0,,38.0,375.0,550.0,7.1,,1.0,False,2026-05-04T08:32:40Z
102308,儿童配方奶粉(多美滋优 阶儿童配方奶粉),蛋奶豆,奶粉,乳类及其制品,406.0,,,59.4,,,0.61,,53.0,,61.0,230.0,521.0,6.0,,1.0,False,2026-05-04T08:32:40Z
102302,儿童配方奶粉(安儿健 A+，美赞臣),蛋奶豆,奶粉,乳类及其制品,428.0,17.9,,,,,0.98,,51.0,,55.0,210.0,450.0,4.4,,1.0,False,2026-05-04T08:32:40Z
102316,儿童配方奶粉(完达山4 段儿童奶粉),蛋奶豆,奶粉,乳类及其制品,,,,,0.8,,,,36.3,,,348.0,400.0,6.75,7.5,1.0,False,2026-05-04T08:32:40Z
102306,儿童配方奶粉(完达山牌),蛋奶豆,奶粉,乳类及其制品,458.0,,,57.0,,,0.8,,40.0,,78.0,300.0,550.0,6.0,,1.0,False,2026-05-04T08:32:40Z
102317,儿童配方奶粉(完达山金 装元乳4段儿童奶粉),蛋奶豆,奶粉,乳类及其制品,1954.0,19.8,,54.8,0.9,,,,44.7,,,348.0,450.0,8.25,8.4,1.0,False,2026-05-04T08:32:40Z
102309,儿童配方奶粉(惠氏金装 学儿乐学龄前儿童配方奶粉),蛋奶豆,奶粉,乳类及其制品,442.0,,3.0,58.9,,,0.54,,15.3,,53.0,234.0,405.0,5.41,3.1,1.0,False,2026-05-04T08:32:40Z
102312,儿童配方奶粉(明治珍爱 童儿童配方奶粉),蛋奶豆,奶粉,乳类及其制品,465.0,20.0,0.3,,,50.0,1.6,,65.0,,80.0,270.0,530.0,4.0,,1.0,False,2026-05-04T08:32:40Z
102313,儿童配方奶粉(欧世蒙牛 金装佳智学龄前儿童特殊配 方奶粉4阶段),蛋奶豆,奶粉,乳类及其制品,,17.9,52.5,20.9,,,,,32.4,,54.0,250.0,400.0,5.8,,1.0,False,2026-05-04T08:32:40Z
102310,儿童配方奶粉(美素佳儿 GOLD 金装儿童配方奶粉),蛋奶豆,奶粉,乳类及其制品,452.0,25.8,,,,,0.71,,37.0,,72.0,255.0,645.0,6.9,10.0,1.0,False,2026-05-04T08:32:40Z
102311,儿童配方奶粉(美赞臣安 儿健儿童配方奶粉),蛋奶豆,奶粉,乳类及其制品,434.0,20.0,3.0,,,,1.25,,33.0,,56.0,250.0,480.0,5.5,,1.0,False,2026-05-04T08:32:40Z
102307,儿童配方奶粉(贝因美特 选幼童配方奶粉4阶段),蛋奶豆,奶粉,乳类及其制品,473.0,,0.6,56.6,,75.0,,,17.5,,38.0,330.0,,6.3,,1.0,False,2026-05-04T08:32:40Z
102303,儿童配方奶粉(适体健， 美赞臣),蛋奶豆,奶粉,乳类及其制品,417.0,,,68.0,,170.0,0.5,,38.0,,60.0,250.0,500.0,4.4,10.0,1.0,False,2026-05-04T08:32:40Z
102314,儿童配方奶粉(雀巢能恩 全进口奶源儿童配方奶粉4),蛋奶豆,奶粉,乳类及其制品,455.0,22.0,49.0,19.0,,,,,32.4,,40.0,350.0,600.0,8.0,,1.0,False,2026-05-04T08:32:40Z
102320,儿童配方奶粉(雅培金装 喜康宝儿童配方奶粉),蛋奶豆,奶粉,乳类及其制品,1867.0,15.9,0.7,58.1,,,,,65.0,,56.0,220.0,515.0,4.56,,1.0,False,2026-05-04T08:32:40Z
102321,儿童配方奶粉(雅士利儿 童奶粉),蛋奶豆,奶粉,乳类及其制品,,18.0,,53.0,,,,,,,28.0,280.0,438.0,2.0,,1.0,False,2026-05-04T08:32:40Z
102318,儿童配方奶粉(雪花学生 特殊配方奶粉),蛋奶豆,奶粉,乳类及其制品,1936.0,,,,,36.0,,,48.0,,,350.0,,4.0,,1.0,False,2026-05-04T08:32:40Z
102319,儿童配方奶粉(雪花学生 营养奶粉),蛋奶豆,奶粉,乳类及其制品,1942.0,19.5,,54.0,,49.0,,,55.0,,40.0,350.0,,7.0,,1.0,False,2026-05-04T08:32:40Z
102103,全脂奶粉,蛋奶豆,奶粉,乳类及其制品,478.0,20.1,51.7,21.2,,,0.73,,4.0,0.48,79.0,260.1,469.0,3.14,11.8,1.0,False,2026-05-04T08:32:40Z
102101x,全脂奶粉 (代表值),蛋奶豆,奶粉,乳类及其制品,482.0,19.9,50.5,22.3,,,1.9,,23.6,0.48,65.0,352.0,513.0,3.93,12.09,1.0,False,2026-05-04T08:32:40Z
102201,全脂奶粉 (全脂羊乳粉),蛋奶豆,奶粉,乳类及其制品,498.0,18.8,49.0,25.2,,,0.06,1.6,,0.2,,,,,,1.0,False,2026-05-04T08:32:40Z
102101,全脂奶粉 (多维奶粉),蛋奶豆,奶粉,乳类及其制品,484.0,19.9,49.9,22.7,,,6.68,,9.0,0.48,22.0,567.8,,3.71,16.8,1.0,False,2026-05-04T08:32:40Z
102104,全脂奶粉 (速溶),蛋奶豆,奶粉,乳类及其制品,466.0,19.9,54.0,18.9,,272.0,0.8,,7.0,1.29,73.0,247.6,,,,1.0,False,2026-05-04T08:32:40Z
102107,全脂奶粉(伊利牌),蛋奶豆,奶粉,乳类及其制品,504.0,22.0,45.5,26.0,,525.0,0.04,0.17,,,220.6,209.0,750.0,3.9,3.97,1.0,False,2026-05-04T08:32:40Z
102126,全脂奶粉(欧世蒙牛多维 高钙高铁奶粉),蛋奶豆,奶粉,乳类及其制品,473.0,18.2,51.1,21.7,,627.0,,,50.0,,280.0,,864.0,7.2,4.08,1.0,False,2026-05-04T08:32:40Z
102125,全脂奶粉(红星速溶加锌奶粉),蛋奶豆,奶粉,乳类及其制品,478.0,18.5,54.1,20.8,,380.0,,,,,500.0,,680.0,7.5,4.75,1.0,False,2026-05-04T08:32:40Z
102105,全脂奶粉(雀巢),蛋奶豆,奶粉,乳类及其制品,504.0,24.0,39.0,28.0,,630.0,,1.1,,,,720.0,930.0,,,1.0,False,2026-05-04T08:32:40Z
102127,全脂奶粉(雪花钙加锌调 制奶粉),蛋奶豆,奶粉,乳类及其制品,461.0,17.0,55.5,19.0,,350.0,,,,,350.0,,1000.0,,5.0,1.0,False,2026-05-04T08:32:40Z
102128,全脂奶粉(雪花高钙多维 调制奶粉),蛋奶豆,奶粉,乳类及其制品,484.0,19.5,52.0,22.0,,420.0,,,48.0,,390.0,,1000.0,7.8,4.6,1.0,False,2026-05-04T08:32:40Z
102131,全脂甜奶粉,蛋奶豆,奶粉,乳类及其制品,490.0,22.5,47.4,23.4,,183.0,0.42,0.26,0.0,0.27,450.8,841.0,495.0,0.7,2.3,1.0,False,2026-05-04T08:32:40Z
102130x,全脂甜奶粉 (代表值),蛋奶豆,奶粉,乳类及其制品,485.0,20.2,49.6,22.9,,381.0,0.56,0.26,,0.27,353.0,1318.0,558.0,2.5,2.47,1.0,False,2026-05-04T08:32:40Z
102132,全脂甜奶粉 (伊利牌),蛋奶豆,奶粉,乳类及其制品,476.0,19.0,52.8,21.0,,579.0,0.7,,,,184.1,1795.0,620.0,4.3,2.63,1.0,False,2026-05-04T08:32:40Z
102135,全脂甜奶粉(三元燕山牌 全脂甜奶粉),蛋奶豆,奶粉,乳类及其制品,500.0,21.0,50.0,24.0,,,,,,,250.0,,,,,1.0,False,2026-05-04T08:32:40Z
102134,全脂甜奶粉(红星速溶全 脂甜奶粉),蛋奶豆,奶粉,乳类及其制品,481.0,18.5,50.0,23.0,,,,,,,380.0,,,,,1.0,False,2026-05-04T08:32:40Z
102133,全脂甜奶粉(飞鹤全脂甜乳粉),蛋奶豆,奶粉,乳类及其制品,479.0,20.0,48.0,23.0,,,,,,,500.0,,,,,1.0,False,2026-05-04T08:32:40Z
102502,孕产妇配方奶粉 (惠氏),蛋奶豆,奶粉,乳类及其制品,405.0,16.0,70.0,6.8,,85.0,0.81,,102.0,,130.0,346.0,386.0,5.3,,1.0,False,2026-05-04T08:32:40Z
102516,孕产妇配方奶粉(三元爱 力优妈妈配方奶粉),蛋奶豆,奶粉,乳类及其制品,438.0,22.5,56.3,13.8,0.9,,0.8,,100.0,,38.0,600.0,350.0,7.5,,1.0,False,2026-05-04T08:32:40Z
102510,孕产妇配方奶粉(亨氏超 金妈妈孕产妇配方奶粉),蛋奶豆,奶粉,乳类及其制品,398.0,26.0,57.0,8.0,3.0,35.0,1.5,,100.0,,120.0,300.0,790.0,6.5,,1.0,False,2026-05-04T08:32:40Z
102501x,孕产妇配方奶粉(代表值),蛋奶豆,奶粉,乳类及其制品,413.0,22.0,60.5,9.8,2.9,84.0,,,95.6,,88.0,334.5,541.0,7.59,8.0,1.0,False,2026-05-04T08:32:40Z
102522,孕产妇配方奶粉(伊利孕 妇奶粉),蛋奶豆,奶粉,乳类及其制品,441.0,22.0,,,,,1.2,,100.0,,40.0,370.0,600.0,7.5,,1.0,False,2026-05-04T08:32:40Z
102521,孕产妇配方奶粉(伊利金 领冠妈妈配方奶粉),蛋奶豆,奶粉,乳类及其制品,456.0,,0.9,60.9,,,1.2,,120.0,,40.0,,600.0,7.5,,1.0,False,2026-05-04T08:32:40Z
102509,孕产妇配方奶粉(合生元 金装妈妈配方奶粉),蛋奶豆,奶粉,乳类及其制品,380.0,27.0,62.7,2.8,2.0,,1.6,,130.0,,120.0,380.0,,10.0,,1.0,False,2026-05-04T08:32:40Z
102517,孕产妇配方奶粉(圣元优 博妈咪孕产妇配方奶粉),蛋奶豆,奶粉,乳类及其制品,440.0,22.0,,,,,1.0,,100.0,,40.0,,400.0,8.0,,1.0,False,2026-05-04T08:32:40Z
102507,孕产妇配方奶粉(多美滋 优阶妈妈孕产妇配方奶粉),蛋奶豆,奶粉,乳类及其制品,360.0,20.5,67.4,2.5,7.2,,2.3,,110.0,,125.0,225.0,580.0,15.0,,1.0,False,2026-05-04T08:32:40Z
102518,孕产妇配方奶粉(完达山 妈咪配方奶粉),蛋奶豆,奶粉,乳类及其制品,,,1.2,52.4,,,0.76,,,,,,470.0,8.5,,1.0,False,2026-05-04T08:32:40Z
102511,孕产妇配方奶粉(惠氏爱 儿乐妈妈孕产妇配方奶粉),蛋奶豆,奶粉,乳类及其制品,406.0,19.0,67.0,6.9,,,0.81,,102.0,,48.0,346.0,386.0,5.3,,1.0,False,2026-05-04T08:32:40Z
102512,孕产妇配方奶粉(美素佳 儿GOLD金装妈妈孕产妇 配方奶粉),蛋奶豆,奶粉,乳类及其制品,454.0,27.0,47.1,17.5,,,1.53,,120.0,,160.0,240.0,680.0,3.0,12.0,1.0,False,2026-05-04T08:32:40Z
102513,孕产妇配方奶粉(美赞臣 安婴妈妈孕产妇配方奶粉),蛋奶豆,奶粉,乳类及其制品,383.0,24.0,62.0,4.3,,,0.98,,48.0,,160.0,380.0,500.0,5.8,,1.0,False,2026-05-04T08:32:40Z
102503,孕产妇配方奶粉(美赞臣),蛋奶豆,奶粉,乳类及其制品,378.0,23.3,62.4,3.9,,,0.8,,24.0,,75.0,360.0,650.0,15.0,,1.0,False,2026-05-04T08:32:40Z
102504,孕产妇配方奶粉(贝因美 冠军宝贝孕妈咪配方奶粉),蛋奶豆,奶粉,乳类及其制品,425.0,22.5,59.0,12.0,4.5,100.0,,,125.0,,71.0,375.0,,5.0,,1.0,False,2026-05-04T08:32:40Z
102506,孕产妇配方奶粉(贝因美 金装爱+准妈咪配方奶粉),蛋奶豆,奶粉,乳类及其制品,426.0,22.5,61.5,10.0,,100.0,,,37.5,,,,,4.0,,1.0,False,2026-05-04T08:32:40Z
102505,孕产妇配方奶粉(贝因美 金装爱+孕妈咪配方奶粉),蛋奶豆,奶粉,乳类及其制品,434.0,22.5,59.0,12.0,,100.0,,,125.0,,71.0,375.0,,5.0,,1.0,False,2026-05-04T08:32:40Z
102514,孕产妇配方奶粉(雀巢妈 妈孕产妇奶粉),蛋奶豆,奶粉,乳类及其制品,407.0,20.0,67.0,6.5,,,0.8,,100.0,,62.0,270.0,540.0,8.8,6.0,1.0,False,2026-05-04T08:32:40Z
102515,孕产妇配方奶粉(雀巢妈 妈孕产妇营养配方奶粉),蛋奶豆,奶粉,乳类及其制品,402.0,20.0,67.0,6.0,,,0.8,,100.0,,62.0,185.0,540.0,8.8,6.0,1.0,False,2026-05-04T08:32:40Z
102519,孕产妇配方奶粉(雅培妈妈 喜康素金装孕产妇配方奶粉),蛋奶豆,奶粉,乳类及其制品,,,3.7,66.0,,,2.3,,62.0,,210.0,300.0,590.0,11.2,1.2,1.0,False,2026-05-04T08:32:40Z
102520,孕产妇配方奶粉(雅士利 能慧金装孕产妇奶粉),蛋奶豆,奶粉,乳类及其制品,,,3.0,59.0,,,0.75,,,,62.0,300.0,600.0,3.75,,1.0,False,2026-05-04T08:32:40Z
102508,孕产妇配方奶粉(飞帆孕 产妇配方乳粉),蛋奶豆,奶粉,乳类及其制品,460.0,18.0,57.7,17.5,,,0.8,,110.0,,32.0,,,8.0,,1.0,False,2026-05-04T08:32:40Z
102523,孕产妇配方羊奶粉(美可 高特孕产妇配方羊奶粉),蛋奶豆,奶粉,乳类及其制品,447.0,,,54.9,,,1.18,,80.0,,,482.0,,4.94,14.6,1.0,False,2026-05-04T08:32:40Z
102212,驴奶粉 (金驴龙奶),蛋奶豆,奶粉,乳类及其制品,416.0,14.8,70.8,8.2,,13.0,0.1,0.83,,0.0,292.0,638.0,720.0,0.5,1.27,1.0,False,2026-05-04T08:32:40Z
102213,驴奶粉(源西域牌，冻干特质),蛋奶豆,奶粉,乳类及其制品,428.0,19.3,60.0,12.3,,596.0,1.07,,,0.28,114.0,409.0,449.0,0.87,,1.0,False,2026-05-04T08:32:40Z
102211,驴奶粉(花麒牌，西域龙 驴奶粉),蛋奶豆,奶粉,乳类及其制品,442.0,20.1,62.4,12.4,,59.0,0.11,0.83,,0.63,333.0,857.0,775.0,0.2,1.1,1.0,False,2026-05-04T08:32:40Z
102222,驼奶粉 (天山牧歌牌),蛋奶豆,奶粉,乳类及其制品,513.0,,,47.1,47.0,,0.02,,,0.0,52.0,439.0,463.0,3.02,,1.0,False,2026-05-04T08:32:40Z
102223,驼奶粉(旺源牌，全脂驼 乳粉),蛋奶豆,奶粉,乳类及其制品,545.0,,,37.0,66.0,,0.09,,,0.39,53.0,507.0,519.0,2.96,,1.0,False,2026-05-04T08:32:40Z
102221,驼奶粉(花麒牌，西域龙 驼奶粉),蛋奶豆,奶粉,乳类及其制品,528.0,,,43.4,83.0,,0.28,,,0.91,50.0,519.0,328.0,2.95,,1.0,False,2026-05-04T08:32:40Z
104008,乳酪 (全脂软酪),蛋奶豆,奶酪,乳类及其制品,313.0,8.6,0.0,31.0,,,0.03,0.17,0.0,,330.0,150.0,110.0,0.1,0.7,1.0,False,2026-05-04T08:32:40Z
104005,乳酪 (契达干酪，普通),蛋奶豆,奶酪,乳类及其制品,412.0,25.5,0.1,34.4,,344.0,0.03,0.4,0.0,0.53,670.0,77.0,720.0,0.3,2.3,1.0,False,2026-05-04T08:32:40Z
104006,乳酪 (契达干酪，脱脂),蛋奶豆,奶酪,乳类及其制品,261.0,31.5,0.0,15.0,,174.0,0.03,0.53,0.0,0.39,670.0,110.0,840.0,0.2,2.8,1.0,False,2026-05-04T08:32:40Z
104010,乳酪 (羊乳酪),蛋奶豆,奶酪,乳类及其制品,250.0,15.6,1.5,20.2,,223.0,0.04,0.21,0.0,0.37,1440.0,95.0,360.0,0.2,0.9,1.0,False,2026-05-04T08:32:40Z
104011,乳酪(中脂软酪),蛋奶豆,奶酪,乳类及其制品,180.0,9.2,3.1,14.5,,209.0,,,0.0,0.78,,,,,,1.0,False,2026-05-04T08:32:40Z
104014,低脂奶酪,蛋奶豆,奶酪,乳类及其制品,241.0,21.6,12.6,11.6,,,0.06,0.49,0.0,0.0,1684.8,368.0,522.0,0.2,3.41,1.0,False,2026-05-04T08:32:40Z
104004,奶疙瘩(奶酪干，干酸奶),蛋奶豆,奶酪,乳类及其制品,426.0,55.1,17.7,15.0,,,0.05,0.24,2.0,,79.3,314.0,730.0,18.7,5.24,1.0,False,2026-05-04T08:32:40Z
104002,奶豆腐 (脱脂),蛋奶豆,奶酪,乳类及其制品,343.0,,,26.5,36.0,,0.27,,1.0,,25.0,55.4,773.0,1.81,7.2,1.0,False,2026-05-04T08:32:40Z
104003,奶豆腐(鲜),蛋奶豆,奶酪,乳类及其制品,305.0,46.2,,,,,0.69,,,,17.0,90.2,657.0,2.48,11.6,1.0,False,2026-05-04T08:32:40Z
104012,奶酪 (光明牌),蛋奶豆,奶酪,乳类及其制品,348.0,16.5,6.5,28.4,,,0.07,0.45,0.0,0.0,1598.0,315.0,445.0,0.2,2.35,1.0,False,2026-05-04T08:32:40Z
104017,奶酪 (百嘉儿童干酪条),蛋奶豆,奶酪,乳类及其制品,272.0,25.0,1.5,18.4,,271.0,0.0,0.3,0.0,0.0,806.6,28.0,536.0,0.7,3.9,1.0,False,2026-05-04T08:32:40Z
104013,奶酪 (骑士牌),蛋奶豆,奶酪,乳类及其制品,386.0,23.0,16.3,25.4,,,0.19,0.3,0.0,,531.8,42.0,796.0,2.2,5.03,1.0,False,2026-05-04T08:32:40Z
104018,奶酪(多美鲜牌，欧洲奶 油奶酪),蛋奶豆,奶酪,乳类及其制品,356.0,13.1,23.2,23.4,,28.0,0.02,0.28,0.0,0.0,845.8,196.0,170.0,0.9,1.2,1.0,False,2026-05-04T08:32:40Z
104019,奶酪(天润牌，无限欢酪),蛋奶豆,奶酪,乳类及其制品,515.0,3.5,51.0,33.0,,184.0,0.01,0.04,,0.47,40.8,324.0,191.0,0.3,1.2,1.0,False,2026-05-04T08:32:40Z
104001,奶酪(干酪),蛋奶豆,奶酪,乳类及其制品,,23.5,,3.5,11.0,,0.91,,,0.6,57.0,584.6,326.0,6.97,1.5,1.0,False,2026-05-04T08:32:40Z
104016,奶酪(爱氏晨曦牌，儿童 奶酪条),蛋奶豆,奶酪,乳类及其制品,295.0,23.9,0.0,22.1,,218.0,0.0,0.2,0.0,0.0,1408.1,66.0,286.0,0.8,3.26,1.0,False,2026-05-04T08:32:40Z
104007,曲拉,蛋奶豆,奶酪,乳类及其制品,356.0,39.1,43.4,2.9,,216.0,0.07,0.16,,0.54,285.2,166.0,1217.0,5.8,3.09,1.0,False,2026-05-04T08:32:40Z
104015,硬质干酪,蛋奶豆,奶酪,乳类及其制品,411.0,24.9,0.1,34.5,,312.0,0.03,0.41,0.0,,687.0,76.0,731.0,0.3,4.1,1.0,False,2026-05-04T08:32:40Z
104020,酸奶疙瘩 (干，农户家),蛋奶豆,奶酪,乳类及其制品,446.0,48.8,20.9,18.6,,119.0,0.05,0.15,,3.12,248.0,566.0,437.0,1.9,1.94,1.0,False,2026-05-04T08:32:40Z
104024,酸奶疙瘩 (新鲜),蛋奶豆,奶酪,乳类及其制品,275.0,18.6,12.4,16.8,,98.0,0.03,0.16,,2.0,108.0,205.0,353.0,0.6,0.73,1.0,False,2026-05-04T08:32:40Z
104022,"酸奶疙瘩(干,市售、加盐)",蛋奶豆,奶酪,乳类及其制品,383.0,51.6,17.8,11.7,,72.0,0.18,0.46,,5.56,1933.0,478.0,702.0,2.3,1.11,1.0,False,2026-05-04T08:32:40Z
104021,酸奶疙瘩(干，市售),蛋奶豆,奶酪,乳类及其制品,451.0,31.1,19.6,27.6,,188.0,0.84,0.29,,1.23,383.0,520.0,773.0,0.6,1.44,1.0,False,2026-05-04T08:32:40Z
104023,酸奶疙瘩(瑞缘牌，中脂 特硬质干酪),蛋奶豆,奶酪,乳类及其制品,456.0,14.4,49.5,22.3,,109.0,0.02,0.07,,0.44,80.7,277.0,265.0,0.2,0.74,1.0,False,2026-05-04T08:32:40Z
104009,酸酪蛋,蛋奶豆,奶酪,乳类及其制品,443.0,40.4,24.4,20.4,,,0.05,0.44,,,130.8,512.0,756.0,20.6,3.02,1.0,False,2026-05-04T08:32:40Z
101169,三元牌),蛋奶豆,液态乳,乳类及其制品,74.0,2.3,9.9,2.8,,18.0,0.02,0.08,0.09,0.0,165.0,75.0,0.0,12.0,0.5,1.0,False,2026-05-04T08:32:40Z
101301,人乳,蛋奶豆,液态乳,乳类及其制品,65.0,1.3,7.4,3.4,0.0,11.0,0.01,0.05,5.0,,32.0,,13.0,0.28,,1.0,False,2026-05-04T08:32:40Z
101303,人乳 (过渡乳，7～14天),蛋奶豆,液态乳,乳类及其制品,73.0,2.2,7.0,4.0,0.0,,0.01,0.05,,,3.0,32.1,19.0,0.44,,1.0,False,2026-05-04T08:32:40Z
101302,人乳(初乳，1～7天),蛋奶豆,液态乳,乳类及其制品,68.0,2.2,6.2,3.8,0.0,148.0,0.01,0.04,,1.27,3.0,33.1,16.0,0.53,,1.0,False,2026-05-04T08:32:40Z
101304,人乳(成熟乳),蛋奶豆,液态乳,乳类及其制品,70.0,1.2,6.5,4.4,0.0,30.0,0.01,0.04,,0.35,3.0,18.7,16.0,0.24,,1.0,False,2026-05-04T08:32:40Z
101159,低脂奶),蛋奶豆,液态乳,乳类及其制品,48.0,3.7,5.4,1.3,0.0,80.0,,0.12,,0.0,279.0,132.0,0.01,11.0,0.2,1.0,False,2026-05-04T08:32:40Z
101165,佳轻欣脱脂牛奶),蛋奶豆,液态乳,乳类及其制品,32.0,3.9,4.2,0.0,0.0,47.0,0.03,0.23,,0.0,142.0,108.0,0.02,10.0,0.1,1.0,False,2026-05-04T08:32:40Z
101167,卡夫牌),蛋奶豆,液态乳,乳类及其制品,79.0,2.7,10.3,3.0,,18.0,0.02,0.11,0.09,0.0,157.0,83.0,0.0,9.0,0.3,1.0,False,2026-05-04T08:32:40Z
101168,卡夫牌),蛋奶豆,液态乳,乳类及其制品,80.0,2.8,10.0,3.2,,17.0,0.02,0.11,0.12,0.0,154.0,92.0,0.0,13.0,0.5,1.0,False,2026-05-04T08:32:40Z
101173,型零乳糖牛奶),蛋奶豆,液态乳,乳类及其制品,60.0,3.0,4.0,3.5,,96.0,0.02,0.13,90.0,0.0,115.0,102.0,0.02,8.0,0.2,1.0,False,2026-05-04T08:32:40Z
101160,尔蒙特低脂牛奶),蛋奶豆,液态乳,乳类及其制品,45.0,3.4,4.6,1.4,0.0,58.0,0.02,0.15,,0.0,132.0,106.0,0.01,9.0,0.1,1.0,False,2026-05-04T08:32:40Z
101163,晨曦脱脂纯牛奶),蛋奶豆,液态乳,乳类及其制品,39.0,3.5,5.5,0.3,0.0,20.0,0.03,0.15,,0.0,369.0,99.0,0.0,10.0,0.2,1.0,False,2026-05-04T08:32:40Z
101171,核桃牛奶),蛋奶豆,液态乳,乳类及其制品,62.0,2.5,6.6,2.8,,40.0,0.02,0.1,,0.0,82.0,91.0,0.0,14.0,2.5,1.0,False,2026-05-04T08:32:40Z
101162,澳田脱脂牛奶),蛋奶豆,液态乳,乳类及其制品,35.0,3.7,4.3,0.3,0.0,56.0,0.01,0.2,,0.0,137.0,97.0,0.0,16.0,0.7,1.0,False,2026-05-04T08:32:40Z
101164,牧场脱脂牛奶),蛋奶豆,液态乳,乳类及其制品,34.0,3.3,4.0,0.5,0.0,62.0,0.03,0.15,,0.0,148.0,92.0,0.02,15.0,0.3,1.0,False,2026-05-04T08:32:40Z
101152x,纯牛奶 (代表值，低脂),蛋奶豆,液态乳,乳类及其制品,47.0,3.5,4.8,1.5,0.0,45.0,0.02,0.16,0.0,0.07,10.0,80.1,111.0,0.2,1.49,1.0,False,2026-05-04T08:32:40Z
101114,纯牛奶 (全脂，伊利牌),蛋奶豆,液态乳,乳类及其制品,68.0,3.2,5.4,3.7,0.0,16.0,0.02,0.13,0.0,0.0,49.5,348.0,110.0,0.1,0.45,1.0,False,2026-05-04T08:32:40Z
101113,纯牛奶 (全脂，帕玛拉特),蛋奶豆,液态乳,乳类及其制品,61.0,2.9,5.1,3.2,0.0,15.0,0.02,0.13,0.0,0.07,62.1,181.0,93.0,0.4,0.58,1.0,False,2026-05-04T08:32:40Z
101102,纯牛奶 (全脂，美国牛),蛋奶豆,液态乳,乳类及其制品,59.0,2.9,4.6,3.2,0.0,9.0,0.13,0.18,1.0,,40.2,127.0,108.0,0.1,0.33,1.0,False,2026-05-04T08:32:40Z
101133,纯牛奶 (全脂，花园牌),蛋奶豆,液态乳,乳类及其制品,57.0,2.9,4.0,3.3,0.0,37.0,0.01,0.06,0.0,0.12,12.0,25.2,55.0,0.3,,1.0,False,2026-05-04T08:32:40Z
101111,纯牛奶 (全脂，蒙牛牌),蛋奶豆,液态乳,乳类及其制品,67.0,3.1,5.3,3.7,0.0,14.0,0.02,0.11,0.0,0.1,48.9,159.0,98.0,0.2,0.51,1.0,False,2026-05-04T08:32:40Z
101144,纯牛奶 (全脂，西域春牌),蛋奶豆,液态乳,乳类及其制品,59.0,2.9,4.8,3.1,0.0,42.0,0.01,0.02,0.0,0.12,13.0,24.9,60.0,0.32,,1.0,False,2026-05-04T08:32:40Z
101101x,纯牛奶(代表值，全脂),蛋奶豆,液态乳,乳类及其制品,65.0,3.3,4.9,3.6,0.0,54.0,0.03,0.12,0.0,0.13,63.7,180.0,107.0,0.3,0.28,1.0,False,2026-05-04T08:32:40Z
101152,纯牛奶(低脂，帕玛拉特),蛋奶豆,液态乳,乳类及其制品,43.0,2.9,5.0,1.3,0.0,6.0,0.03,0.09,0.0,0.0,8.0,279.5,66.0,0.3,1.49,1.0,False,2026-05-04T08:32:40Z
101154,纯牛奶(低脂，德国艾德 牧牌部分脱脂纯牛奶),蛋奶豆,液态乳,乳类及其制品,45.0,3.5,3.8,1.7,0.0,35.0,0.02,0.13,0.0,0.05,9.0,91.8,114.0,0.15,,1.0,False,2026-05-04T08:32:40Z
101157,纯牛奶(低脂，新西兰安 佳低脂牛奶),蛋奶豆,液态乳,乳类及其制品,51.0,3.8,5.5,1.5,0.0,39.0,0.03,0.23,0.0,0.07,9.0,18.8,86.0,0.18,,1.0,False,2026-05-04T08:32:40Z
101158,纯牛奶(低脂，新西兰恒 天然田园低脂牛奶),蛋奶豆,液态乳,乳类及其制品,45.0,3.7,3.8,1.7,0.0,26.0,0.03,0.22,0.0,0.09,10.0,41.2,110.0,0.2,,1.0,False,2026-05-04T08:32:40Z
101156,纯牛奶(低脂，明治醇壹 低脂肪高温杀菌乳),蛋奶豆,液态乳,乳类及其制品,46.0,3.6,5.2,1.2,0.0,49.0,0.02,0.13,0.0,0.04,11.0,108.4,115.0,0.23,,1.0,False,2026-05-04T08:32:40Z
101153,纯牛奶(低脂，澳大利亚 德运部分脱脂纯牛奶),蛋奶豆,液态乳,乳类及其制品,51.0,3.3,5.0,2.0,0.0,49.0,0.02,0.19,0.0,0.08,9.0,26.2,116.0,0.16,,1.0,False,2026-05-04T08:32:40Z
101155,纯牛奶(低脂，蒙牛特仑 苏低脂牛奶),蛋奶豆,液态乳,乳类及其制品,48.0,3.8,5.2,1.3,0.0,61.0,0.03,0.14,0.0,0.28,10.0,,116.0,0.2,,1.0,False,2026-05-04T08:32:40Z
101130,"纯牛奶(全脂,光明纯牛奶)",蛋奶豆,液态乳,乳类及其制品,60.0,3.4,4.0,3.4,0.0,102.0,0.02,0.13,0.0,0.1,,,118.0,0.17,,1.0,False,2026-05-04T08:32:40Z
101107,"纯牛奶(全脂,帕玛拉特牌)",蛋奶豆,液态乳,乳类及其制品,61.0,3.0,5.3,3.1,0.0,14.0,0.02,0.08,0.0,0.05,68.2,166.0,113.0,0.4,0.67,1.0,False,2026-05-04T08:32:40Z
101137,"纯牛奶(全脂,蒙牛纯牛奶)",蛋奶豆,液态乳,乳类及其制品,67.0,3.4,4.7,3.8,0.0,70.0,0.02,0.12,0.0,0.14,9.0,18.7,113.0,0.18,,1.0,False,2026-05-04T08:32:40Z
101134,"纯牛奶(全脂,辉山纯牛奶)",蛋奶豆,液态乳,乳类及其制品,66.0,3.5,4.7,3.7,0.0,64.0,0.02,0.14,0.0,0.16,16.0,179.1,137.0,0.27,,1.0,False,2026-05-04T08:32:40Z
101108,纯牛奶(全脂，三元牌),蛋奶豆,液态乳,乳类及其制品,69.0,3.4,5.1,3.9,0.0,30.0,0.02,0.1,0.0,0.18,35.1,177.0,88.0,0.3,0.42,1.0,False,2026-05-04T08:32:40Z
101126,纯牛奶(全脂，丹麦爱氏 晨曦有机全脂牛奶),蛋奶豆,液态乳,乳类及其制品,67.0,3.5,5.2,3.6,0.0,112.0,0.02,0.17,0.0,0.11,18.7,187.0,117.0,0.2,0.16,1.0,False,2026-05-04T08:32:40Z
101106,纯牛奶(全脂，乐百氏牌),蛋奶豆,液态乳,乳类及其制品,67.0,3.3,4.8,3.8,0.0,11.0,0.02,0.09,0.0,0.09,38.4,142.0,104.0,0.6,0.85,1.0,False,2026-05-04T08:32:40Z
101149,纯牛奶(全脂，伊利纯牛奶),蛋奶豆,液态乳,乳类及其制品,66.0,3.4,4.2,3.9,0.0,45.0,0.02,0.14,0.0,0.14,9.0,23.1,112.0,0.17,,1.0,False,2026-05-04T08:32:40Z
101150,纯牛奶(全脂，伊利金典 有机纯牛奶),蛋奶豆,液态乳,乳类及其制品,73.0,3.5,5.4,4.1,0.0,76.0,0.02,0.14,0.0,0.23,,146.0,111.0,0.18,,1.0,False,2026-05-04T08:32:40Z
101131,纯牛奶(全脂，光明优+ 高品质纯牛奶),蛋奶豆,液态乳,乳类及其制品,67.0,3.6,4.5,3.8,0.0,93.0,0.03,0.13,0.0,0.11,20.4,,114.0,0.17,,1.0,False,2026-05-04T08:32:40Z
101105,纯牛奶(全脂，光明牌),蛋奶豆,液态乳,乳类及其制品,61.0,3.1,5.0,3.2,0.0,28.0,0.02,0.1,0.0,0.07,24.8,132.0,85.0,0.1,0.25,1.0,False,2026-05-04T08:32:40Z
101141,纯牛奶(全脂，圣牧有机 纯牛奶),蛋奶豆,液态乳,乳类及其制品,74.0,3.5,5.7,4.1,0.0,98.0,,0.13,0.0,0.1,10.0,17.1,91.0,0.2,,1.0,False,2026-05-04T08:32:40Z
101145,纯牛奶(全脂，夏进纯牛奶),蛋奶豆,液态乳,乳类及其制品,63.0,3.5,4.4,3.5,0.0,64.0,0.02,0.06,0.0,0.09,190.0,126.0,137.0,,0.22,1.0,False,2026-05-04T08:32:40Z
101142,纯牛奶(全脂，天润牌浓 缩纯奶),蛋奶豆,液态乳,乳类及其制品,67.0,3.2,5.7,3.5,0.0,47.0,0.01,0.03,0.0,0.14,16.0,26.4,58.0,0.35,,1.0,False,2026-05-04T08:32:40Z
101109,纯牛奶(全脂，完达山牌),蛋奶豆,液态乳,乳类及其制品,60.0,2.9,4.9,3.2,0.0,17.0,0.03,0.09,0.0,0.1,292.1,161.0,91.0,0.1,0.28,1.0,False,2026-05-04T08:32:40Z
101143,纯牛奶(全脂，完达山纯牛奶),蛋奶豆,液态乳,乳类及其制品,66.0,3.5,3.6,4.2,0.0,42.0,,0.14,0.0,0.17,183.7,123.0,137.0,0.25,,1.0,False,2026-05-04T08:32:40Z
101132,纯牛奶(全脂，广泽澳醇 纯牛奶),蛋奶豆,液态乳,乳类及其制品,63.0,3.5,4.1,3.6,0.0,42.0,0.02,0.12,0.0,0.16,14.0,185.2,138.0,0.24,,1.0,False,2026-05-04T08:32:40Z
101127,纯牛奶(全脂，德国爱氏 晨曦纯牛奶),蛋奶豆,液态乳,乳类及其制品,68.0,3.4,5.5,3.6,0.0,98.0,0.02,0.16,0.0,0.1,9.0,16.6,87.0,0.18,,,False,2026-05-04T08:32:40Z
101104,纯牛奶(全脂，德国牛),蛋奶豆,液态乳,乳类及其制品,60.0,3.1,5.1,3.0,0.0,13.0,0.12,0.16,0.0,,45.8,120.0,114.0,0.1,0.38,1.0,False,2026-05-04T08:32:40Z
101128,纯牛奶(全脂，德国甘蒂 牧场纯牛奶),蛋奶豆,液态乳,乳类及其制品,64.0,3.3,4.7,3.6,0.0,74.0,0.01,0.15,0.0,0.16,8.0,19.2,107.0,0.16,,1.0,False,2026-05-04T08:32:40Z
101151,纯牛奶(全脂，意大利培 兰全脂纯牛奶),蛋奶豆,液态乳,乳类及其制品,63.0,3.5,4.2,3.6,0.0,59.0,0.02,0.13,0.0,0.04,9.0,91.0,112.0,0.16,,1.0,False,2026-05-04T08:32:40Z
101112,纯牛奶(全脂，新南洋牌),蛋奶豆,液态乳,乳类及其制品,67.0,3.1,5.1,3.8,0.0,17.0,0.02,0.11,0.0,0.08,46.1,163.0,92.0,0.3,0.45,1.0,False,2026-05-04T08:32:40Z
101148,纯牛奶(全脂，新希望千 岛湖牧场纯牛奶),蛋奶豆,液态乳,乳类及其制品,62.0,3.2,4.3,3.5,0.0,103.0,0.03,0.11,0.0,0.11,31.8,318.0,111.0,0.17,,1.0,False,2026-05-04T08:32:40Z
101147,纯牛奶(全脂，新希望复原乳),蛋奶豆,液态乳,乳类及其制品,63.0,3.0,4.6,3.6,0.0,90.0,0.02,0.18,0.0,0.3,32.7,327.0,111.0,0.14,,1.0,False,2026-05-04T08:32:40Z
101139,纯牛奶(全脂，明治醇壹 高温杀菌乳),蛋奶豆,液态乳,乳类及其制品,67.0,3.6,4.8,3.7,0.0,60.0,0.02,0.12,0.0,0.11,11.0,,114.0,0.22,,1.0,False,2026-05-04T08:32:40Z
101124,纯牛奶(全脂，比利时纯 牧牛奶),蛋奶豆,液态乳,乳类及其制品,61.0,3.5,4.0,3.4,0.0,58.0,0.02,0.14,0.0,0.06,23.9,239.0,112.0,0.3,0.15,1.0,False,2026-05-04T08:32:40Z
101129,纯牛奶(全脂，法国得乐 思全脂牛奶),蛋奶豆,液态乳,乳类及其制品,64.0,3.7,4.3,3.6,0.0,51.0,0.02,0.15,0.0,0.07,93.1,128.0,116.0,,0.16,1.0,False,2026-05-04T08:32:40Z
101125,纯牛奶(全脂，波兰美波 全脂纯牛奶),蛋奶豆,液态乳,乳类及其制品,75.0,3.2,7.8,3.4,0.0,39.0,0.02,0.15,0.0,0.06,92.0,132.0,116.0,0.2,0.16,1.0,False,2026-05-04T08:32:40Z
101123,纯牛奶(全脂，澳大利亚 澳田纯牛奶),蛋奶豆,液态乳,乳类及其制品,62.0,3.6,3.9,3.5,0.0,63.0,0.02,0.18,0.0,0.08,20.3,203.0,112.0,0.2,0.16,1.0,False,2026-05-04T08:32:40Z
101122,纯牛奶(全脂，爱尔兰金 凯利全脂牛奶),蛋奶豆,液态乳,乳类及其制品,62.0,3.2,4.1,3.6,0.0,84.0,0.02,0.15,0.0,0.08,21.7,217.0,108.0,0.2,0.14,1.0,False,2026-05-04T08:32:40Z
101146,纯牛奶(全脂，现代牧业 纯牛奶),蛋奶豆,液态乳,乳类及其制品,66.0,3.3,5.1,3.6,0.0,103.0,0.02,0.11,0.0,0.16,93.6,138.0,118.0,0.17,,1.0,False,2026-05-04T08:32:40Z
101140,纯牛奶(全脂，瑞士艾美 全脂牛奶),蛋奶豆,液态乳,乳类及其制品,70.0,3.2,6.4,3.5,0.0,50.0,0.03,0.18,0.0,0.07,9.0,19.9,,0.19,,1.0,False,2026-05-04T08:32:40Z
101138,纯牛奶(全脂，蒙牛特仑 苏有机纯牛奶),蛋奶豆,液态乳,乳类及其制品,69.0,3.4,4.9,4.0,0.0,46.0,0.03,0.13,0.0,0.14,10.0,40.7,,0.18,,1.0,False,2026-05-04T08:32:40Z
101136,纯牛奶(全脂，麦趣尔牌),蛋奶豆,液态乳,乳类及其制品,61.0,2.9,5.3,3.1,0.0,38.0,0.01,0.02,0.0,0.12,12.0,22.3,51.0,0.33,,1.0,False,2026-05-04T08:32:40Z
101135,纯牛奶(全脂，龙丹松花 江牧场纯牛奶),蛋奶豆,液态乳,乳类及其制品,67.0,3.6,4.8,3.7,0.0,106.0,0.02,0.13,0.0,0.1,15.0,193.1,138.0,0.24,,1.0,False,2026-05-04T08:32:40Z
101110,纯牛奶(全脂，龙丹牌),蛋奶豆,液态乳,乳类及其制品,66.0,2.9,5.1,3.8,0.0,11.0,0.02,0.1,0.0,0.15,41.5,145.0,82.0,0.1,0.46,1.0,False,2026-05-04T08:32:40Z
101201,羊乳,蛋奶豆,液态乳,乳类及其制品,59.0,1.5,5.4,3.5,0.0,84.0,0.04,0.12,,0.19,,20.6,98.0,0.29,1.75,1.0,False,2026-05-04T08:32:40Z
101172,苏醇纤牛奶),蛋奶豆,液态乳,乳类及其制品,72.0,3.4,5.5,4.0,,69.0,0.03,0.14,,0.0,258.0,107.0,0.02,9.0,0.2,1.0,False,2026-05-04T08:32:40Z
101170,调制乳 (全脂，学生奶),蛋奶豆,液态乳,乳类及其制品,66.0,2.6,8.1,2.6,,30.0,0.02,0.14,0.06,0.0,140.0,78.0,0.0,8.0,0.1,1.0,False,2026-05-04T08:32:40Z
101183,调制乳(低脂，伊利低脂 型舒化奶),蛋奶豆,液态乳,乳类及其制品,46.0,3.4,4.6,1.5,,38.0,0.02,0.12,0.0,0.06,25.5,255.0,112.0,0.2,0.17,1.0,False,2026-05-04T08:32:40Z
101184,调制乳(低脂，伊利高钙 低脂奶),蛋奶豆,液态乳,乳类及其制品,47.0,3.2,5.5,1.3,,58.0,0.02,0.12,0.0,0.1,35.6,356.0,117.0,0.2,0.16,1.0,False,2026-05-04T08:32:40Z
101181,调制乳(低脂，强化锌、钙， 帕玛拉特),蛋奶豆,液态乳,乳类及其制品,60.0,3.0,5.0,3.1,,15.0,0.02,0.11,0.0,0.06,62.1,171.0,93.0,1.0,1.1,1.0,False,2026-05-04T08:32:40Z
101182,调制乳(低脂，澳大利亚 德运高钙低脂奶),蛋奶豆,液态乳,乳类及其制品,52.0,3.5,7.1,1.1,,33.0,0.02,0.21,0.0,0.07,17.1,171.0,119.0,0.2,0.18,1.0,False,2026-05-04T08:32:40Z
101180,调制乳(全脂，伊利早餐 奶麦香味),蛋奶豆,液态乳,乳类及其制品,71.0,2.9,7.6,3.2,,113.0,0.02,0.11,0.0,0.07,72.3,75.0,105.0,0.7,0.34,1.0,False,2026-05-04T08:32:40Z
101179,调制乳(全脂，伊利舒化奶),蛋奶豆,液态乳,乳类及其制品,68.0,3.5,5.0,3.8,,93.0,0.03,0.13,0.0,0.12,18.8,188.0,109.0,0.2,0.17,1.0,False,2026-05-04T08:32:40Z
101176,调制乳(全脂，夏进炼乳 牛奶),蛋奶豆,液态乳,乳类及其制品,71.0,2.5,8.2,3.1,,49.0,0.01,0.08,0.0,0.1,154.2,95.0,136.0,0.3,0.2,1.0,False,2026-05-04T08:32:40Z
101178,调制乳(全脂，新希望特 浓牛奶),蛋奶豆,液态乳,乳类及其制品,66.0,3.3,5.4,3.5,,108.0,0.03,0.17,0.0,0.15,21.6,216.0,110.0,0.2,0.16,1.0,False,2026-05-04T08:32:40Z
101177,调制乳(全脂，新西兰安 佳原味进口儿童牛奶),蛋奶豆,液态乳,乳类及其制品,70.0,3.6,5.9,3.5,,174.0,0.03,0.22,0.0,0.15,22.9,229.0,114.0,0.2,0.18,1.0,False,2026-05-04T08:32:40Z
101175,调制乳(全脂，旺仔复原 乳牛奶),蛋奶豆,液态乳,乳类及其制品,74.0,2.5,10.1,2.6,,48.0,0.02,0.15,0.0,0.1,22.8,228.0,103.0,0.1,0.1,1.0,False,2026-05-04T08:32:40Z
101186,调制乳(脱脂，伊利脱脂奶),蛋奶豆,液态乳,乳类及其制品,34.0,3.3,4.5,0.3,,68.0,0.02,0.12,0.0,0.02,28.9,288.0,110.0,0.2,0.17,1.0,False,2026-05-04T08:32:40Z
101185,调制乳(脱脂，部分复原乳， 澳大利亚德运高钙脱脂奶),蛋奶豆,液态乳,乳类及其制品,42.0,3.6,6.2,0.3,,22.0,0.03,0.19,0.0,0.02,23.1,231.0,114.0,0.2,0.15,1.0,False,2026-05-04T08:32:40Z
101174,醇牛奶),蛋奶豆,液态乳,乳类及其制品,69.0,3.4,5.4,3.7,,53.0,,0.15,0.0,0.1,193.1,119.0,138.0,0.7,0.23,1.0,False,2026-05-04T08:32:40Z
101503,驼奶(旺源牌，易拉罐),蛋奶豆,液态乳,乳类及其制品,81.0,3.9,6.0,4.6,0.0,96.0,0.0,0.02,,0.07,33.0,39.5,75.0,0.5,,1.0,False,2026-05-04T08:32:40Z
101187x,鲜牛奶(代表值，全脂),蛋奶豆,液态乳,乳类及其制品,67.0,3.4,5.1,3.7,0.0,73.0,0.02,0.12,0.0,0.11,120.3,127.0,113.0,0.3,0.24,1.0,False,2026-05-04T08:32:40Z
101187,"鲜牛奶(全脂,光明鲜牛奶)",蛋奶豆,液态乳,乳类及其制品,63.0,3.4,4.5,3.5,0.0,105.0,0.02,0.11,0.0,0.07,106.4,136.0,114.0,0.2,0.2,1.0,False,2026-05-04T08:32:40Z
101189,"鲜牛奶(全脂,完达山鲜牛乳)",蛋奶豆,液态乳,乳类及其制品,66.0,3.6,4.6,3.7,0.0,68.0,0.02,0.13,0.0,0.12,16.0,192.4,96.0,0.26,,1.0,False,2026-05-04T08:32:40Z
101193,鲜牛奶(全脂，一鸣鲜牛奶),蛋奶豆,液态乳,乳类及其制品,66.0,3.5,5.0,3.6,0.0,48.0,0.02,0.13,0.0,0.09,10.0,101.3,114.0,0.19,,1.0,False,2026-05-04T08:32:40Z
101192,鲜牛奶(全脂，新希望千 岛湖牧场鲜牛奶),蛋奶豆,液态乳,乳类及其制品,76.0,3.6,6.7,3.9,0.0,71.0,0.02,0.13,0.0,0.09,10.0,108.2,118.0,0.2,,1.0,False,2026-05-04T08:32:40Z
101191,鲜牛奶(全脂，现代牧场 鲜牛奶),蛋奶豆,液态乳,乳类及其制品,64.0,3.4,4.5,3.6,0.0,82.0,0.02,0.12,0.0,0.1,10.0,108.7,126.0,0.21,,1.0,False,2026-05-04T08:32:40Z
101190,鲜牛奶(全脂，西域春牌 全脂巴氏杀菌乳),蛋奶豆,液态乳,乳类及其制品,63.0,2.5,6.3,3.1,0.0,31.0,0.01,0.06,,0.11,11.0,34.8,65.0,0.34,,1.0,False,2026-05-04T08:32:40Z
101188,鲜牛奶(全脂，辉山鲜博 士鲜牛奶),蛋奶豆,液态乳,乳类及其制品,70.0,3.6,4.1,4.3,0.0,105.0,0.02,0.14,0.0,0.14,190.1,133.0,139.0,0.3,0.25,1.0,False,2026-05-04T08:32:40Z
101401,鲜驴奶,蛋奶豆,液态乳,乳类及其制品,33.0,0.4,6.5,0.6,0.0,0.0,0.0,0.01,,0.0,10.0,23.9,37.0,0.21,,1.0,False,2026-05-04T08:32:40Z
101402,鲜驴奶 (冻),蛋奶豆,液态乳,乳类及其制品,41.0,0.5,7.0,1.2,0.0,0.0,0.0,0.01,,0.0,11.0,25.4,34.0,0.21,,1.0,False,2026-05-04T08:32:40Z
101403,鲜驴奶 (花麒牌，冻),蛋奶豆,液态乳,乳类及其制品,39.0,0.8,6.5,1.1,0.0,0.0,0.0,0.01,,0.0,11.0,26.7,31.0,0.22,,1.0,False,2026-05-04T08:32:40Z
101501,鲜驼奶,蛋奶豆,液态乳,乳类及其制品,72.0,3.7,6.5,3.5,0.0,65.0,0.01,0.02,,0.0,10.0,55.9,60.0,0.51,,1.0,False,2026-05-04T08:32:40Z
101502,鲜驼奶 (冻),蛋奶豆,液态乳,乳类及其制品,86.0,3.6,9.9,3.5,0.0,38.0,0.02,0.02,,0.0,10.0,40.4,76.0,0.53,,1.0,False,2026-05-04T08:32:40Z
032101,绿豆(干),蛋奶豆,绿豆,干豆类及其制品,329.0,21.6,,,6.4,11.0,,0.11,,10.95,125.0,3.2,337.0,2.18,4.28,1.0,False,2026-05-04T08:32:40Z
032102,绿豆面,蛋奶豆,绿豆,干豆类及其制品,341.0,20.8,65.8,0.7,5.8,8.0,0.45,0.12,,,,3.3,304.0,,,1.0,False,2026-05-04T08:32:40Z
032201,绿豆饼,蛋奶豆,绿豆,干豆类及其制品,122.0,15.2,12.7,1.2,,,0.07,0.02,,,,3.1,25.0,,0.19,1.0,False,2026-05-04T08:32:40Z
034102,花豆(干，紫),蛋奶豆,芸豆,干豆类及其制品,330.0,17.2,7.4,,0.0,280.0,,,,9.64,19.6,641.0,221.0,5.9,3.4,0.97,True,2026-05-04T08:32:40Z
034101,花豆(干，红),蛋奶豆,芸豆,干豆类及其制品,328.0,19.1,,,5.5,36.0,,,,6.13,12.5,358.0,38.0,0.3,1.27,1.0,False,2026-05-04T08:32:40Z
034106,芸豆 (干，杂，带皮),蛋奶豆,芸豆,干豆类及其制品,327.0,22.4,,,10.5,,,,,,10.5,1058.0,349.0,8.7,2.22,1.0,False,2026-05-04T08:32:40Z
034104,芸豆 (干，红),蛋奶豆,芸豆,干豆类及其制品,331.0,,8.3,62.5,0.0,180.0,0.09,,,7.74,0.6,1215.0,176.0,5.4,2.07,1.0,False,2026-05-04T08:32:40Z
034105,芸豆(千，虎皮),蛋奶豆,芸豆,干豆类及其制品,341.0,,3.5,62.5,0.0,,0.28,,,6.02,3.3,809.0,156.0,1.7,1.2,1.0,False,2026-05-04T08:32:40Z
034103,芸豆(干，白),蛋奶豆,芸豆,干豆类及其制品,,1.4,9.8,57.2,0.0,,0.26,,,6.16,,,,,,1.0,False,2026-05-04T08:32:40Z
035105,脑豆(干),蛋奶豆,蚕豆,干豆类及其制品,363.0,23.4,59.6,3.8,1.5,,0.35,0.28,,19.21,,686.0,327.0,2.45,7.34,1.0,False,2026-05-04T08:32:40Z
035102,蚕豆 (带皮),蛋奶豆,蚕豆,干豆类及其制品,326.0,24.6,59.9,1.1,10.9,4.0,0.13,0.23,,4.9,113.0,21.2,,4.76,4.29,0.93,True,2026-05-04T08:32:40Z
035201,蚕豆 (烤),蛋奶豆,蚕豆,干豆类及其制品,377.0,27.0,63.8,2.0,2.2,9.0,0.22,0.12,,5.16,,,,3.04,4.9,1.0,False,2026-05-04T08:32:40Z
035203,蚕豆 (煮),蛋奶豆,蚕豆,干豆类及其制品,62.0,4.8,10.1,0.5,,,0.13,0.09,19.8,,,193.0,18.0,0.47,1.0,1.0,False,2026-05-04T08:32:40Z
035103,蚕豆(去皮),蛋奶豆,蚕豆,干豆类及其制品,347.0,25.4,58.9,1.6,2.5,25.0,0.2,0.2,,,94.0,2.2,,3.32,4.83,1.0,False,2026-05-04T08:32:40Z
035101,蚕豆(干),蛋奶豆,蚕豆,干豆类及其制品,338.0,21.6,61.5,1.0,1.7,,,0.13,2.0,1.6,57.0,86.0,31.0,3.42,1.3,1.0,False,2026-05-04T08:32:40Z
035202,蚕豆(炸)(开花豆),蛋奶豆,蚕豆,干豆类及其制品,447.0,26.7,40.4,20.0,0.5,,0.16,0.12,,5.15,69.0,547.9,207.0,2.83,2.1,1.0,False,2026-05-04T08:32:40Z
035104,马牙大豆 (干),蛋奶豆,蚕豆,干豆类及其制品,338.0,27.2,,,8.4,,0.59,0.05,,2.49,89.0,87.0,7.0,2.61,0.77,1.0,False,2026-05-04T08:32:40Z
033201,小豆粥,蛋奶豆,赤豆,干豆类及其制品,62.0,1.2,13.7,0.4,0.6,,,,,0.19,2.3,45.0,13.0,0.6,0.33,1.0,False,2026-05-04T08:32:40Z
033204,红豆沙 (去皮),蛋奶豆,赤豆,干豆类及其制品,244.0,4.5,57.1,0.1,1.8,,0.02,0.02,0.0,2.69,26.3,21.0,19.0,1.1,0.6,1.0,False,2026-05-04T08:32:40Z
033205,红豆馅,蛋奶豆,赤豆,干豆类及其制品,261.0,4.5,61.7,0.2,2.8,,0.02,0.04,0.0,3.66,28.6,59.0,16.0,1.3,0.64,1.0,False,2026-05-04T08:32:40Z
033101,赤小豆(千)(小豆，红小豆),蛋奶豆,赤豆,干豆类及其制品,324.0,20.2,63.4,0.6,7.7,7.0,0.16,0.11,,14.36,2.2,860.0,74.0,7.4,2.2,1.0,False,2026-05-04T08:32:40Z
103009,粒，草莓果粒/覆盆子果粒、 桃果粒/西番莲汁/菠萝果粒),蛋奶豆,酸奶,乳类及其制品,111.0,1.6,19.9,2.8,,30.0,0.0,0.0,0.0,0.0,37.8,,94.0,,,1.0,False,2026-05-04T08:32:40Z
103001,酸奶,蛋奶豆,酸奶,乳类及其制品,85.5,295.0,1.9,3.2,10.0,19.0,0.03,0.14,0.1,1.0,32.5,,140.0,0.2,0.54,,False,2026-05-04T08:32:40Z
103005,酸奶 (果料),蛋奶豆,酸奶,乳类及其制品,67.0,3.1,10.4,1.4,,19.0,0.03,0.19,2.0,0.69,32.5,111.0,140.0,0.4,0.56,1.0,False,2026-05-04T08:32:40Z
103008,酸奶 (果粒) 酸奶(全脂，多美鲜全脂果,蛋奶豆,酸奶,乳类及其制品,98.0,3.3,14.6,2.9,,,0.03,0.18,1.0,,53.8,,61.0,,,1.0,False,2026-05-04T08:32:40Z
103002,酸奶 (高蛋白),蛋奶豆,酸奶,乳类及其制品,62.0,3.2,7.3,2.2,,0.0,,0.08,,,43.0,135.0,161.0,0.0,0.54,1.0,False,2026-05-04T08:32:40Z
103001x,酸奶(代表值，全脂),蛋奶豆,酸奶,乳类及其制品,81.0,363.0,2.6,2.8,12.9,23.0,0.03,0.12,0.09,1.3,150.0,76.0,,,,,False,2026-05-04T08:32:40Z
103004,酸奶(低脂),蛋奶豆,酸奶,乳类及其制品,64.0,2.7,9.0,1.9,,32.0,0.02,0.13,1.0,0.13,13.0,130.0,81.0,,0.68,1.0,False,2026-05-04T08:32:40Z
103015,"酸奶(低脂，艾美牌,草莓、 芒果、蓝莓、覆盆子、菠萝 味低脂风味发酵乳)",蛋奶豆,酸奶,乳类及其制品,96.0,1.6,16.9,2.4,,18.0,0.01,0.15,0.0,0.0,35.8,154.0,122.0,1.0,0.35,1.0,False,2026-05-04T08:32:40Z
103012,酸奶(全脂，佳丽牌，益 家全脂风味发酵乳),蛋奶豆,酸奶,乳类及其制品,95.0,2.9,13.8,3.1,,32.0,0.03,0.1,,0.12,34.5,162.0,128.0,0.1,0.31,1.0,False,2026-05-04T08:32:40Z
103013,酸奶(全脂，天润牌浓缩 酸奶，全脂风味发酵乳),蛋奶豆,酸奶,乳类及其制品,95.0,3.0,14.1,2.9,,27.0,0.03,0.12,,0.14,30.5,139.0,183.0,0.0,0.31,1.0,False,2026-05-04T08:32:40Z
103010,酸奶(全脂，盖瑞牌，全 脂风味发酵乳),蛋奶豆,酸奶,乳类及其制品,93.0,3.1,14.6,2.5,,37.0,0.03,0.1,,0.12,26.9,109.0,126.0,0.1,0.35,1.0,False,2026-05-04T08:32:40Z
103011,酸奶(全脂，花园牌),蛋奶豆,酸奶,乳类及其制品,77.0,1.6,11.3,2.8,,14.0,0.02,0.09,,0.0,26.1,149.0,114.0,0.1,0.31,1.0,False,2026-05-04T08:32:40Z
103014,酸奶(全脂，西域春牌新 疆老酸奶，凝固型),蛋奶豆,酸奶,乳类及其制品,96.0,3.1,15.1,2.6,,6.0,0.03,0.06,,0.0,27.8,90.0,100.0,0.1,0.32,1.0,False,2026-05-04T08:32:40Z
103006,酸奶(橘味，脱脂),蛋奶豆,酸奶,乳类及其制品,48.0,3.2,8.2,0.3,,1.0,0.02,0.21,5.0,0.03,2.6,128.0,89.0,0.2,0.27,1.0,False,2026-05-04T08:32:40Z
103003,酸奶(脱脂),蛋奶豆,酸奶,乳类及其制品,57.0,3.3,10.0,0.4,,0.0,0.02,0.1,1.0,,27.7,156.0,146.0,0.1,0.51,1.0,False,2026-05-04T08:32:40Z
103007,酸奶(调味),蛋奶豆,酸奶,乳类及其制品,88.0,3.0,11.9,3.2,,,0.03,0.14,0.0,,69.6,272.0,160.0,1.6,0.63,1.0,False,2026-05-04T08:32:40Z
111203,松花蛋 (鸡蛋),蛋奶豆,鸡蛋,蛋类及其制品,178.0,14.8,5.8,10.6,0.0,310.0,0.02,0.13,0.0,1.06,,148.0,26.0,3.9,2.73,0.83,True,2026-05-04T08:32:40Z
111205,毛蛋,蛋奶豆,鸡蛋,蛋类及其制品,176.0,14.2,0.0,13.2,0.0,161.0,0.04,0.65,0.0,1.49,75.8,66.0,204.0,1.8,1.64,0.87,True,2026-05-04T08:32:40Z
111206,荷包蛋 (油煎),蛋奶豆,鸡蛋,蛋类及其制品,195.0,13.5,1.4,15.0,0.0,248.0,0.06,0.52,0.0,,353.0,132.0,55.0,1.6,,1.0,False,2026-05-04T08:32:40Z
111207,荷包蛋 (煮),蛋奶豆,鸡蛋,蛋类及其制品,155.0,12.3,0.2,11.7,0.0,158.0,0.06,0.4,0.0,,110.0,100.0,55.0,2.2,,1.0,False,2026-05-04T08:32:40Z
111111,鸡蛋 (乌鸡蛋，绿皮),蛋奶豆,鸡蛋,蛋类及其制品,170.0,12.6,6.1,10.6,0.0,,0.09,0.43,0.0,3.73,106.7,514.0,42.0,3.8,2.05,0.88,True,2026-05-04T08:32:40Z
111101x,鸡蛋 (代表值),蛋奶豆,鸡蛋,蛋类及其制品,139.0,13.1,2.4,8.6,0.0,255.0,,0.2,0.0,1.14,131.5,154.0,56.0,1.6,0.89,0.87,True,2026-05-04T08:32:40Z
111104,鸡蛋 (土鸡),蛋奶豆,鸡蛋,蛋类及其制品,138.0,14.4,5.6,6.4,0.0,199.0,0.12,0.19,0.0,1.36,174.0,244.0,76.0,1.7,1.28,0.88,True,2026-05-04T08:32:40Z
111204,鸡蛋 (煮),蛋奶豆,鸡蛋,蛋类及其制品,143.0,12.1,0.1,10.5,0.0,146.0,0.04,0.39,0.0,,130.0,130.0,35.0,1.7,,0.86,True,2026-05-04T08:32:40Z
111102,鸡蛋 (白皮),蛋奶豆,鸡蛋,蛋类及其制品,138.0,12.7,1.5,9.0,0.0,310.0,0.09,0.31,0.0,1.23,94.7,98.0,48.0,2.0,1.0,0.87,True,2026-05-04T08:32:40Z
111109,鸡蛋 (红皮),蛋奶豆,鸡蛋,蛋类及其制品,143.0,12.2,0.0,10.5,0.0,,0.05,0.11,0.0,0.84,125.7,121.0,44.0,1.0,0.38,0.87,True,2026-05-04T08:32:40Z
111110,鸡蛋 (藏鸡蛋),蛋奶豆,鸡蛋,蛋类及其制品,162.0,12.6,2.4,11.3,0.0,,0.07,0.44,0.0,1.54,119.2,73.0,57.0,2.8,1.52,0.86,True,2026-05-04T08:32:40Z
111105,鸡蛋白,蛋奶豆,鸡蛋,蛋类及其制品,60.0,11.6,3.1,0.1,0.0,,0.04,0.31,0.0,0.01,79.4,132.0,9.0,1.6,0.02,1.0,False,2026-05-04T08:32:40Z
111106,鸡蛋白 (乌骨鸡),蛋奶豆,鸡蛋,蛋类及其制品,44.0,9.8,1.0,0.1,0.0,,,0.31,0.0,,165.1,109.0,9.0,0.0,0.01,1.0,False,2026-05-04T08:32:40Z
111201,鸡蛋粉(全蛋粉),蛋奶豆,鸡蛋,蛋类及其制品,545.0,43.4,11.3,36.2,0.0,525.0,0.05,0.4,0.0,11.56,393.2,357.0,954.0,10.5,5.95,1.0,False,2026-05-04T08:32:40Z
111107,鸡蛋黄,蛋奶豆,鸡蛋,蛋类及其制品,328.0,15.2,3.4,28.2,0.0,438.0,0.33,0.29,0.0,5.06,54.9,95.0,112.0,6.5,3.79,1.0,False,2026-05-04T08:32:40Z
111108,鸡蛋黄(乌骨鸡),蛋奶豆,鸡蛋,蛋类及其制品,263.0,15.2,5.7,19.9,0.0,179.0,0.07,0.36,0.0,7.64,57.2,105.0,107.0,0.5,3.1,1.0,False,2026-05-04T08:32:40Z
111202,鸡蛋黄粉,蛋奶豆,鸡蛋,蛋类及其制品,644.0,31.6,5.3,55.1,0.0,776.0,,0.25,0.0,14.43,89.8,103.0,266.0,10.6,6.66,1.0,False,2026-05-04T08:32:40Z
112201,松花蛋(鸭蛋)(皮蛋),蛋奶豆,鸭蛋,蛋类及其制品,171.0,14.2,,,0.0,,0.18,,0.0,3.05,542.7,152.0,63.0,3.3,1.48,0.9,True,2026-05-04T08:32:40Z
112104,海鸭蛋,蛋奶豆,鸭蛋,蛋类及其制品,243.0,12.7,,,0.0,,0.4,,0.0,1.66,105.1,119.0,118.0,3.1,0.25,0.87,True,2026-05-04T08:32:40Z
112101,鸭蛋,蛋奶豆,鸭蛋,蛋类及其制品,180.0,12.6,3.1,13.0,0.0,261.0,,0.35,0.0,4.98,106.0,135.0,62.0,1.67,15.68,0.87,True,2026-05-04T08:32:40Z
112202,鸭蛋 (咸鸭蛋，生),蛋奶豆,鸭蛋,蛋类及其制品,190.0,12.7,,,0.0,134.0,0.33,,0.0,6.25,2706.1,184.0,118.0,3.6,1.74,0.88,True,2026-05-04T08:32:40Z
112203,鸭蛋(咸鸭蛋，煮),蛋奶豆,鸭蛋,蛋类及其制品,177.0,13.8,0.0,13.5,0.0,,0.28,,0.0,2.85,1131.0,226.0,52.0,2.1,1.5,0.84,True,2026-05-04T08:32:40Z
112102,鸭蛋白,蛋奶豆,鸭蛋,蛋类及其制品,47.0,9.9,1.8,,0.0,23.0,,0.07,0.0,0.16,21.0,71.2,,,4.0,1.0,False,2026-05-04T08:32:40Z
112103,鸭蛋黄,蛋奶豆,鸭蛋,蛋类及其制品,378.0,14.5,4.0,33.8,0.0,1980.0,0.28,0.62,0.0,12.72,22.0,,123.0,3.09,25.0,1.0,False,2026-05-04T08:32:40Z
113101,鹅蛋,蛋奶豆,鹅蛋,蛋类及其制品,196.0,11.1,2.8,15.6,0.0,192.0,0.08,0.3,0.0,4.5,90.6,74.0,34.0,4.1,1.43,0.87,True,2026-05-04T08:32:40Z
113104,鹅蛋 (煮),蛋奶豆,鹅蛋,蛋类及其制品,177.0,12.7,1.0,13.6,0.0,173.0,0.06,0.32,0.0,,45.0,76.0,41.0,2.5,,0.85,True,2026-05-04T08:32:40Z
113102,鹅蛋白,蛋奶豆,鹅蛋,蛋类及其制品,48.0,8.9,3.2,,0.0,7.0,0.03,0.04,0.0,0.34,77.3,36.0,4.0,2.8,0.1,1.0,False,2026-05-04T08:32:40Z
113103,鹅蛋黄,蛋奶豆,鹅蛋,蛋类及其制品,324.0,15.5,6.2,26.4,0.0,1977.0,0.06,0.59,0.0,95.7,24.4,,13.0,2.8,1.59,1.0,False,2026-05-04T08:32:40Z
114101,鹤鹑蛋,蛋奶豆,鹌鹑蛋,蛋类及其制品,160.0,12.8,2.1,11.1,0.0,337.0,,,0.0,3.08,106.6,138.0,47.0,3.2,1.61,0.86,True,2026-05-04T08:32:40Z
114201,鹤鹑蛋 (五香罐头),蛋奶豆,鹌鹑蛋,蛋类及其制品,152.0,,0.0,0.0,480.0,,0.06,,0.0,5.34,711.5,41.0,157.0,1.43,11.6,0.89,True,2026-05-04T08:32:40Z
